,Total US,US Large,USL Value,US Mid,USM Value,US Small,USS Value,US Dividend Appreciation,US REIT,US Consumer Staples,US Health Care,US Energy,Total International,International Developed,International Developed Value,International Developed Small,Emerging Markets,Emerging Small Cap,Frontier Markets,Global REIT,Sweden,Australia,South Africa,Gold,Commodities,Emerging Market Bonds,International Bonds,Corporate Bonds,US Bonds,TIPS,Intermediate Municipal Bonds,Long Term Treasuries,Intermediate Treasuries,Short Term Treasuries,Treasury Bills,US Large Cap Growth,US Mid Cap Growth,US Small Cap Growth,US Extended Market,US Microcap,Wellington,Wellesley,Windsor,Pacific,Europe,Precious Metals,US Corporate Bond,US Short Term Total Bond,US Junk Bonds,Long Term Municipal,Short Term Municipal,Vanguard Health Care,spdr_Energy,spdr_Materials,spdr_Industrials,spdr_Consumer Discretionary,spdr_Consumer Staples,spdr_Health Care,spdr_Financials,spdr_Information Technology,spdr_Telecom Services,spdr_Utilities
1972-12-31,16.71325879,18.80990415,14.865917,7.530307124,11.33062737,8.565326602,10.76550731,14.865917,7.719928187000001,18.80990415,18.80990415,18.80990415,38.08122131,36.1774403,35.81,63.6429461,49.7059703,49.7059703,49.7059703,15.31025147,14.06764092,35.92,49.7059703,48.38,41.37,12.87813858,8.786157275,3.21,5.53115016,-2.594810379,5.53115016,-2.450348787,3.02,3.122725661,3.706664002,22.95,3.91,6.4,,-1.31,10.7,9.5,9.77,107.01,15.3,,3.208517834,,,,,,,,,,,,,,,
1973-12-31,-18.23083067,-14.83626198,-9.839705336,-23.67755609,-13.5762364,-32.41808835,-24.58395557,-9.839705336,-15.71913026,-14.83626198,-14.83626198,-14.83626198,-14.92217122,-14.97652113,-15.26,-14.00605759,-14.08352437,-14.08352437,-14.08352437,-15.5198905,2.872245249,-26.28,-14.08352437,72.53,73.65,-0.131140179,1.419124731,1.44,3.2348242810000003,-3.992015968,3.2348242810000003,0.938123752,3.58,4.455444276000001,6.803876511,-23.37,-33.02,-40.02,,-42.46,-11.83,-3.49,-25.0,-21.15,-7.94,,1.438992705,,,,,,,,,,,,,,,
1974-12-31,-27.31629393,-26.61741214,-21.38181667,-26.40937619,-19.9796241,-27.60720686,-21.31465565,-21.38181667,-21.60383004,-23.11741214,-18.31741214,-24.41741214,-23.68289763,-23.26905785,-23.47,-28.89270698,-25.54569919,-25.54569919,-25.54569919,-22.12359694,1.04817247,-26.68,-1.43,65.73,38.48,0.845518815,3.777876371,-5.93,6.829073482,4.99001996,6.829073482,4.813114526000001,4.39,6.625432916,7.902887401,-32.6,-32.85,-33.93,,-27.69,-17.73,-6.43,-16.8,-21.15,-23.0,,-5.927342339,,,,,-18.31741214,-24.41741214,-21.41741214,-33.01741214,-34.41741214,-23.11741214,-18.31741214,-24.21741214,-35.71741214,-7.217412141,-25.01741214
1975-12-31,38.4784345,36.98083067,40.56744372,48.43823069,56.77459019,54.64994206,53.02677366,40.56744372,18.99062438,34.28083067,10.28083067,23.78083067,36.41987627,35.27824958,36.6,49.30756202,43.72570517,43.72570517,43.72570517,23.34793735,33.87139388,54.12,-19.53,-24.99,-17.84,14.23322679,10.95628475,16.62,8.126996805,16.16766467,8.126996805,8.115533196,6.72,8.15709971,5.7048656210000015,32.67,41.38,56.19,,74.48,25.18,17.46,54.5,26.39,43.53,,16.61991482,,,,,10.28083067,23.78083067,46.08083067,36.28083067,69.28083067,34.28083067,10.28083067,43.68083067,33.48083067,25.28083067,52.88083067
1976-12-31,26.49760383,23.70207668,33.22247896,36.67022347,46.37025560000001,45.52758051,55.36965418,33.22247896,47.21723519,12.70207668,1.802076677,34.90207668,2.993414488,2.40783295,3.63,11.04911826,6.947074654,6.947074654,6.947074654,36.16128001,4.374458287,3.12,-11.53,-4.34,-12.58,10.29658282,10.66875039,19.26,11.5215655,-0.29940119800000004,11.5215655,16.86889539,11.37,8.617342648,5.005495054,14.8,26.37,36.27,,54.0,23.36,23.28,46.4,21.32,-6.64,,19.25834126,12.35528942,,,,1.802076677,34.90207668,22.90207668,32.70207668,17.80207668,12.70207668,1.802076677,34.70207668,25.20207668,34.90207668,34.00207668
1977-12-31,-4.353035144,-7.947284345,-3.425890079,1.039884399,4.828821544,15.43149637,15.78557603,-3.425890079,22.08258528,-4.647284345,-9.647284345,-2.647284345,22.70504889,17.99380557,22.1,73.43827837,50.10465464,50.10465464,50.10465464,22.23820118,-12.94479042,12.72,19.97,22.33,9.55,9.350645104,4.822421822,3.09,2.835463259,7.784431137999999,2.835463259,-0.251445162,2.57,3.716265855,5.005495054,-8.9,-2.39,15.05,,22.18,-4.38,4.27,1.0,13.4,23.58,,3.091109197,4.614008792,,,,-9.647284345,-2.647284345,-23.64728435,-4.147284345,-15.64728435,-4.647284345,-9.647284345,-11.44728435,-5.447284345,1.652715655,9.452715655
1978-12-31,7.32827476,5.9,6.022191512000001,8.612765301,8.787935743,17.27258035,18.38342099,6.022191512000001,10.01396369,4.8,8.5,11.1,35.45200559,32.48076731,34.3,64.91979675,53.0947872,53.0947872,53.0947872,16.37347417,20.89739289,23.82,36.57,36.67,30.63,10.14991961,5.378267652000001,0.29,2.036741214,9.680638723,-4.53524,-1.637177086,1.68,3.633694227,7.1036067539999985,6.74,8.44,16.19,,27.2,5.32,3.61,8.8,48.38,23.98,,0.286682061,3.183176905,,,,8.5,11.1,0.6,9.2,-0.3,4.8,8.5,5.1,13.8,5.4,-6.0
1979-12-31,22.80351438,18.0,20.23548194,32.23552894,29.67802668,42.81437126,35.12974052,20.23548194,35.5475763,4.0,23.0,44.9,4.240670525,4.705764812,3.46,-1.145760685,2.262533639,2.262533639,2.262533639,27.72084986,3.250351255,38.52,93.77,131.28,32.82,5.815980804,6.210808267000001,-2.18,6.42971246,9.780439122,-1.57055,-0.73341339,1.71,6.214144881,10.30072934,23.63,33.0,50.5,,40.53,13.54,6.2,22.6,-3.73,14.4,,-2.180383159,5.198994683,5.46397,,,23.0,44.9,32.0,20.0,8.7,4.0,23.0,17.9,5.0,-0.9,14.1
1980-12-31,32.48801917,31.9,24.12692077,32.23552894,17.36427492,38.32335329,25.149700600000006,24.12692077,24.07739876,14.8,30.7,73.9,22.95948912,22.48975922,18.95,34.96064561,26.38293631,26.38293631,26.38293631,23.79792135,27.96379444,51.82,40.27,12.28,10.26,9.912714744,8.082690126000001,-0.36,6.42971246,15.16966068,-10.34959,-3.132461125,2.4,6.883116847,11.19992007,39.29,45.08,52.0,,29.74,22.58,11.88,22.6,36.03,14.2,,-0.358894681,7.591364196000002,3.39081,,,30.7,73.9,27.3,39.7,17.5,14.8,30.7,16.9,16.8,2.9,16.4
1981-12-31,-3.853833866,-5.2,1.0776292159999998,2.195608782,9.845974501,1.796407186,14.67065868,1.0776292159999998,5.725114702000001,17.2,3.1,-23.9,-0.379165835,-1.089019882,5.69,-0.269004683,4.255955347,4.255955347,4.255955347,4.199044568,62.93965232,-11.28,0.17,-32.77,-23.58,8.996103197,9.522786292000001,2.88,10.62300319,5.788423154,-7.3986,0.174212636,4.36,10.17408651,14.59686282,-11.49,-1.95,-9.38,,7.75,2.9,8.67,16.8,8.03,-10.63,,2.879876421,11.31721411,9.4315,,,3.1,-23.9,-9.0,-12.5,5.8,17.2,3.1,10.2,-15.7,34.4,8.6
1982-12-31,20.60702875,20.9,19.73657953,23.05389222,29.26042171,24.6506986,28.24351297,19.73657953,21.28465988,36.9,21.3,-12.9,-1.147475554,-0.989109801,-1.06,-0.32878350100000003,-1.425296521,-1.425296521,-1.425296521,15.67662602,39.80656873,-15.78,37.77,15.56,10.73,20.16593876,22.5649649,39.11,25.19968051,-7.784431137999999,31.06497,41.48023629,35.16,23.89460713,10.40063942,20.24,20.24,20.76,,27.59,24.55,23.3,21.7,-6.5,5.43,,39.10528411,25.1167242,27.49855,,,21.3,-12.9,8.9,21.7,47.9,36.9,21.3,23.9,53.5,13.5,28.4
1983-12-31,21.80511182,21.3,28.01835961,23.55289421,32.47860161,28.84231537,38.32335329,28.01835961,30.26132057,17.7,6.4,24.6,25.52384754,24.48796084,25.32,35.61821261,32.16385926,32.16385926,32.16385926,29.07695231,68.90130211,63.22,13.77,-17.17,15.39,12.01552901,9.776825649,9.2,8.02715655,16.86626747,6.49717,1.781630049,5.17,7.720868052999999,8.702168048999999,15.75,22.29,19.86,,35.88,23.57,18.6,30.1,26.09,22.08,,9.195120954,9.10626,15.09312,,,6.4,24.6,27.9,31.7,20.8,17.7,6.4,17.2,26.2,10.5,18.3
1984-12-31,4.333067093,6.21,9.858311714,1.19760479,2.625601978,-7.48502994,2.095808383,9.858311714,20.58647516,14.71,6.41,8.01,8.022350827999999,7.80297732,2.7,11.20852844,9.937207216000001,9.937207216000001,9.937207216000001,17.44544408,-9.862208164,0.02,8.77,-19.58,0.3,13.15083613,13.50790601,16.54,14.11741214,15.56886228,9.53248,14.56358134,13.15,12.36657067,9.701268857999999,-1.22,-5.95,-15.97,,-20.12,10.7,16.64,19.47,13.19,1.04,,16.54156321,14.22665,7.8586,,,6.41,8.01,-7.09,-0.79,3.71,14.71,6.41,10.61,-0.99,20.51,26.71
1985-12-31,31.98881789,31.23,31.21133506,31.73652695,31.871224600000005,30.83832335,30.73852295,31.21133506,18.79114303,42.93,42.43,14.00816977,56.98463381,56.55909681,61.13,66.88253462,60.37077644,60.37077644,60.37077644,28.33951573,28.23450174,41.62,41.37,5.74,9.19,15.89207764,10.95,23.97,17.8115016,8.682634731,17.33125,31.30007551,21.58,14.24224583,7.37,32.61,32.85,30.74,31.31,24.88,28.53,27.41,28.03,39.03,79.33,-5.36,23.97477616,14.89754,21.9901,20.53,6.74,45.24,18.03,30.33,29.53,31.53,42.93,42.43,40.43,23.23,38.23,27.63
1986-12-31,15.91453674,18.06,19.73657953,17.96407186,17.66467066,5.489021956,7.185628743,19.73657953,18.8908837,33.16,29.66,12.7,68.4494113,69.74722750000001,67.57,58.95187805,62.16485598,62.16485598,62.16485598,31.2805156,53.13402749,50.62,55.27,18.68,1.29,16.3054856,11.21,16.45,12.91932907,21.95608782,16.21497,23.84616226,19.14,12.15953734,6.0,15.15,17.37,3.39,12.33,-0.34,18.4,18.34,20.27,93.32,44.13,49.88,16.45169463,11.41779,16.85756,19.38,7.39,21.42,16.36,25.56,16.66,19.86,33.16,29.66,10.16,-6.94,23.76,25.56
1987-12-31,1.537539936,4.71,0.279385352,0.0,-2.395209581,-8.982035928,-7.285429142000001,0.279385352,-3.849990026,11.51,6.11,6.13,26.54160846,24.78769108,30.29,40.15143967,37.24708462,37.24708462,37.24708462,3.747909596,-6.442240977000001,-10.08,-4.93,24.2,22.85,11.90570846,9.09,2.49,0.978434505,8.183632735,1.63863,-2.9259,0.2,4.029886741,6.12,5.07,2.59,-10.68,-4.06,-15.55,2.28,-1.92,1.23,39.49,3.83,38.73,2.485286489,4.45971,2.65135,-1.14,4.11,-0.5,8.21,21.81,2.11,0.91,11.51,6.11,-17.19,13.61,4.61,-7.89
1988-12-31,17.8115016,16.22,22.92955498,19.56087824,24.35129741,24.6506986,29.24151697,22.92955498,13.20566527,19.42,12.62,21.37,30.08381561,28.48436407,29.74,25.47573976,39.93820393,39.93820393,39.93820393,17.42520286,54.93656005,20.62,14.17,-15.41,26.98,12.03082039,8.93,9.15,7.35,18.66267465,10.00182,9.15186,5.36,5.40120771,7.18,11.06,12.67,20.16,19.49,20.15,16.11,13.61,28.7,34.84,16.1,-14.19,9.147057985,6.95061,13.55381,12.24,5.61,28.4,21.02,9.82,12.02,24.42,19.42,12.62,16.92,-2.78,20.92,14.72
1989-12-31,28.69408946,31.36,24.92516464,26.04790419,22.45508982,15.96806387,12.1756487,24.92516464,8.517853581,47.96,42.56,43.45,18.66892836,10.70036967,14.4,30.28793464,64.45729094,64.45729094,64.45729094,11.05562228,26.59770905,17.42,55.07,-3.14,37.25,9.991729094,3.94,14.01,13.64,5.888223553,10.00321,17.93267,13.34,10.96639345,8.87,35.6,31.24,19.96,24.1,4.71,21.6,20.93,15.02,2.41,28.77,30.4,14.00622526,11.45483,1.89063,11.54,7.08,32.95,40.06,22.16,26.56,21.06,47.96,42.56,33.06,-6.24,61.26,37.56
1990-12-31,-6.150159744,-3.32,-8.30173618,-11.67664671,-16.26746507,-19.66067864,-21.95608782,-8.30173618,-15.61938959,17.58,13.98,-1.37,-21.48273798,-23.26905785,-21.97,-18.24250274,-10.89404964,-10.89404964,-10.89404964,-17.08522669,-29.820367600000004,-15.78,4.47,-3.35,28.12,4.040595036,5.7,6.98,8.65,5.988023952000001,7.197989999999999,5.78015,9.41,9.606166712,7.94,-0.52,-5.29,-17.56,-14.05,-31.79,-2.81,3.76,-15.5,-34.46,-3.65,-19.86,6.978882962,9.22988,-5.8456,6.82,6.57,16.79,3.38,-11.82,-6.72,-14.22,17.58,13.98,-21.62,2.08,-15.42,-0.72
1991-12-31,34.48482428,30.22,24.32648174,41.21756487,37.6247505,45.80838323,41.41716567,24.32648174,35.34809495,48.02,51.82,0.28,19.34743564,12.39884104,9.85,5.439872472,59.37406558,59.37406558,59.37406558,31.34793012,8.104516607,27.02,30.47,-8.79,-6.83,15.56740656,10.7,18.42,15.25,15.66866267,12.16122,17.43011,14.61,11.57075743,5.73,40.89,46.71,50.9,41.85,46.97,23.65,21.57,28.55,10.36,12.11,4.37,18.4243383,13.07778,29.00833,13.5,7.2,46.32,55.42,24.72,29.22,28.62,48.02,51.82,49.62,12.22,13.82,23.72
1992-12-31,9.624600639,7.42,13.55018958,16.16766467,21.45708583,17.96407186,28.84231537,13.55018958,14.30281269,6.62,-15.78,6.1,-8.521253243,-11.87930862,-11.56,-20.87277075,11.03358916,11.03358916,11.03358916,8.596796207,2.07791846,-2.68,-2.63,-5.97,3.65,6.719358916,6.24,8.62,7.14,7.285429142000001,8.85495,7.4047,7.56,6.536926147999999,3.53,4.77,8.48,7.58,12.47,32.98,7.93,8.67,16.5,-18.17,-3.32,-19.41,8.615694158,7.19486,14.24035,9.3,4.71,-1.57,12.72,10.32,9.42,19.52,6.62,-15.78,23.22,3.22,16.22,8.32
1993-12-31,10.44329073,9.89,18.09020156,14.07185629,15.36926148,18.7,23.55289421,18.09020156,19.38958707,-6.81,-6.01,26.52,38.87946518,32.78049755,39.35,33.89459002,74.22505731,74.22505731,74.22505731,24.2620566,56.16348651,43.72,54.07,17.39,-12.98,19.68950573,13.63,12.08,9.68,15.46906188,11.55274,16.787029999999998,11.43,6.41,2.86,1.53,10.98,13.17,14.49,24.65,13.52,14.65,19.37,35.46,29.13,93.36,12.07956016,7.06653,18.24025,13.45,3.82,11.81,12.59,14.39,19.49,20.49,-6.81,-6.01,10.99,19.59,14.79,13.39
1994-12-31,-0.17,1.18,-0.73,-2.295409182,-2.295409182,-0.51,-1.696606786,-0.73,2.932375823,5.68,13.18,-1.63,5.557772900000002,8.002797482,10.59,15.48271396,-7.604903817,-7.604903817,-7.604903817,3.588725092,6.065403969,-6.28,22.07,-2.41,4.51,-19.33,-4.87,-4.0,-2.66,2.9940119760000004,-2.12166,-7.03823,-4.33,-0.58,3.81,2.89,-2.4,-2.59,-1.76,-3.7,-0.49,-4.44,-0.15,13.04,1.88,-5.42,-3.999720428,-0.08109,-1.71265,-5.75,1.7,9.54,2.48,5.18,-2.92,-7.22,5.68,13.18,-3.42,19.68,-4.62,-11.62
1995-12-31,35.79,37.45,36.94,34.13173653,34.63073852,28.74,25.5489022,36.94,15.00099741,36.75,58.45,25.32,9.702654161,11.49965031,10.82,2.281558235,0.229243496,0.229243496,0.229243496,13.676411600000002,20.15262237,21.02,8.17,0.73,19.44,26.38,17.12,22.16,18.18,0.598802395,13.64473,30.09321,20.44,12.11,5.49,38.06,33.73,30.74,33.8,29.5,32.92,28.91,30.15,2.75,22.28,-4.48,22.16027566,12.73563,19.15286,18.72,5.92,45.17,30.25,17.35,39.65,22.05,36.75,58.45,53.65,38.45,41.05,31.35
1996-12-31,20.96,22.88,21.86,18.76247505,21.21756487,18.12,21.15768463,21.86,34.94913226,24.48,22.08,34.0,7.577828777000001,6.3043261070000005,8.4,4.015143967,15.83,15.83,15.83,28.10630639,42.15000031,11.22,8.77,-4.79,32.92,38.91,11.88,3.21,3.58,3.892215569,4.19648,-1.25415,1.92,4.39,5.09,23.74,18.69,11.08,17.65,16.29,16.19,9.42,26.36,-7.82,21.26,-0.75,3.212029027,4.7880699999999985,9.5444,4.41,3.69,21.36,25.68,13.38,24.78,13.78,24.48,22.08,36.18,42.18,0.68,4.08
1997-12-31,30.99,33.19,29.77,28.74251497,36.80638723,24.59,31.53692615,29.77,18.4619988,36.69,41.09,14.89,-0.987826781,2.008192627,1.07,-14.44654777,-16.82,-16.82,-16.82,13.5995424,10.32427266,-12.11985161,-5.13,-21.64,-14.71,12.62,10.69,10.16,9.44,7.784431137999999,7.0815100000000015,13.9042,8.96,6.39,5.12,36.34,20.36,12.67,26.73,21.54,23.23,20.19,21.97,-25.67,24.23,-38.92,10.15665048,6.945989999999999,11.90727,9.29,4.07,28.57,24.59,7.79,27.49,29.39,36.69,41.09,49.39,27.89,40.49,24.79
1998-12-31,23.26,28.62,14.64,9.880239521,1.317365269,-2.61,-6.686626747,14.64,-16.32,22.92,41.42,-20.53,15.6,20.19182736,17.21,25.98,-18.12,-18.12,-18.12,-8.34,12.05977394,4.203144423,-10.63,-1.07,-36.22,-14.75,11.87,8.5,8.58,2.594810379,5.7597,13.05121,10.61,7.36,5.0,42.21,17.03,1.0,8.32,-1.81,12.06,11.84,0.81,2.41,28.86,-3.91,8.49697256,6.56734,5.61802,6.02,4.32,40.8,2.52,-8.48,9.52,33.12,22.92,41.42,9.12,77.12,51.62,14.42
1999-12-31,23.81,21.07,12.57,15.08982036,1.996007984,23.13,3.143712575,12.57,-4.04,-1.63,-9.33,20.98,29.92,27.18553302,23.63,90.29,61.57,61.57,61.57,4.45,63.01737487,19.23841639,60.77,0.6,39.87,25.57,1.96,-2.68,-0.76,7.684630739,-0.50288,-8.658489999999999,-3.52,1.85,4.55,28.76,70.19,19.56,36.22,31.49,4.41,-4.14,11.57,57.05,16.62,28.82,-2.678125312,3.30395,2.55146,-3.53,2.58,7.05,15.07,30.07,19.07,20.97,-1.63,-9.33,3.77,77.47,19.67,-9.73
2000-12-31,-10.57,-9.06,6.08,18.1,22.2255489,-2.67,21.88,6.08,26.35,5.64,38.24,36.43,-15.61,-14.36706964,-3.53,-2.68,-27.56,-27.56,-27.56,15.86,-22.57994754,-11.8725976,-0.63,-5.68,48.63,15.26,8.95,10.21,11.39,4.590818363,9.24136,19.72221,14.03,8.83,5.8,-22.21,-26.44,1.59,-15.55,0.67,10.4,16.17,15.89,-25.74,-8.18,-7.34,10.21138268,8.17383,-0.87969,13.32,4.91,60.53,20.04,-17.86,3.94,-24.26,5.64,38.24,25.94,-38.46,-37.96,58.44
2001-12-31,-10.97,-12.02,-11.88,-0.5,8.572854291,3.1,13.7,-11.88,12.35,-3.32,-12.22,-2.55,-20.15,-22.01019083,-18.85,-22.52,-2.88,-2.88,-2.88,4.225,-23.03003603,1.895286619,28.67,0.5,-32.44,-1.2,6.12,9.45,8.43,7.395209581,5.05426,4.30805,7.55,7.8,3.99,-12.93,-20.59,-0.78,-9.13,23.98,4.19,7.39,5.72,-26.34,-20.3,18.33,9.447639515,8.13852,2.90382,4.54,4.75,-6.87,-11.02,3.28,-7.52,4.48,-3.32,-12.22,-9.02,-25.02,-12.42,-32.22
2002-12-31,-20.96,-22.15,-20.91,-14.61,-9.870259481,-20.02,-14.2,-20.91,3.75,-6.65,-19.25,-0.62,-15.08,-15.62,-16.24,-13.88,-7.43,-2.1,-7.43,-0.9575,-29.47900708,-1.161165563,-8.73,25.26,31.09,13.84,6.66,11.19,8.26,16.61,7.912489999999999,16.67388,14.15,8.02,1.51,-23.68,-23.48,-15.41,-18.06,4.9,-6.9,4.64,-22.25,-9.32,-17.95,33.35,11.19384061,5.21886,1.73489,10.11,3.49,-11.36,-16.25,-7.55,-25.85,-26.05,-6.65,-19.25,-14.15,-36.85,-33.85,-21.45
2003-12-31,31.35,28.5,32.25,34.14,37.63473054,45.63,37.19,32.25,35.65,15.7,14.9,33.8,40.34,38.67,44.72,57.37,57.65,59.76,57.65,36.8225,67.37813382,55.26752878,15.47,19.59,19.82,22.42,2.25,8.89,3.97,8.0,4.45952,2.67673,2.37,2.38,0.82,25.92,39.98,42.88,43.43,80.98,20.75,9.66,37.01,38.42,38.7,59.45,8.892453663,4.2013099999999985,17.1972,5.21,1.64,26.58,26.0,38.2,32.2,35.3,15.7,14.9,32.0,46.7,6.8,24.0
2004-12-31,12.52,10.74,15.29,20.35,26.91616766,19.9,23.55,17.93675168,30.76,8.24,1.84,36.65,20.84,20.25,23.84,31.77,26.12,24.09,26.12,28.28,35.31674437,29.40547914,43.6208381,4.39,16.4,11.37,5.08,5.91,4.24,8.27,3.22922,7.119739999999998,3.4,1.03,1.0,7.2,13.59,16.06,18.71,19.09,11.17,7.57,13.38,18.83,20.86,8.09,5.905955568,2.11242,8.51566,4.12,1.12,9.51,31.14,13.54,18.64,10.94,8.24,1.84,10.24,4.44,19.14,20.24
2005-12-31,5.98,4.77,7.09,13.93,12.6247505,7.36,6.07,2.81587283,11.89,3.9,8.200799536,39.05,15.57,13.6,13.34,20.49,32.05,28.52,32.05,12.81,10.33399813,16.65372837,25.87049765,17.47,24.62,11.46,5.24,1.21,2.4,2.59,2.23901,6.60895,2.32,1.77,2.77,5.09,14.79,8.64,10.29,4.08,6.82,3.48,4.99,22.59,9.26,43.79,1.212474678,2.19784,2.76986,3.07,1.65,15.41,31.27,4.57,1.87,-5.23,3.37,5.87,6.27,-0.33,-4.53,14.47
2006-12-31,15.51,15.64,22.15,13.6,17.58483034,15.64,19.24,19.44024765,35.07,15.77,6.54377405,18.88,26.64,26.27,29.96,30.34,29.39,31.7,29.39,32.9625,43.73024353,30.89309047,19.73679751,22.33,-15.72,10.09,3.02,4.26,4.27,0.43,4.42845,1.74331,3.14,3.77,4.55,9.01,9.45,11.94,14.27,11.48,14.97,11.28,19.35,11.99,33.42,34.3,4.263766719,4.99057,8.23649,5.16,3.26,10.87,24.14,18.64,13.34,18.44,13.44,7.54,19.64,7.94,36.94,21.74
2007-12-31,5.49,5.39,0.09,6.02,-4.560878244,1.16,-7.07,5.53,-16.46,12.87,7.874190327000001,34.78,15.52,11.15,5.84,5.15,38.9,41.61,38.9,-8.465,-1.3061152740000002,28.24690231,15.51041644,30.95,30.46,6.05,4.09,4.3,6.92,11.59,3.42685,9.24393,9.98,7.89,4.65,12.56,17.07,9.63,4.33,-5.4,8.34,5.61,-3.3,4.78,13.82,36.13,4.29631965,5.86115,2.04338,2.54,4.19,4.42,34.29,21.79,11.69,-13.01,13.09,7.09,-18.71,16.89,11.39,17.89
2008-12-31,-37.04,-37.02,-35.97,-41.82,-36.64,-36.07,-32.05,-26.56,-37.05,-17.0,-23.34399276,-39.29,-44.1,-41.27,-43.92,-46.62,-52.81,-58.88,-52.81,-52.10012806,-46.90170818,-47.99992137,-37.60828575,5.45,-47.47,-2.126988626,5.57,-6.99,5.05,-2.85,-0.13904,22.51553,13.32,6.68,1.97,-38.32,-47.07,-40.0,-38.73,-39.49,-22.3,-9.84,-41.1,-34.36,-44.73,-56.02,-6.986479344,-4.7442199999999985,-21.28913,-4.87,3.74,-18.45,-35.62,-45.62,-39.92,-34.12,-14.02,-23.42,-55.32,-43.72,-31.02,-29.72
2009-12-31,28.7,26.49,19.58,40.22,37.61,36.12,30.34,19.15,29.58,16.95,21.82115683,24.96,36.73,28.27,33.81,47.12,75.98,94.79318918,54.27961169,41.65731142,55.41613507,68.15735269,51.62846836,23.45,15.14,15.37340817,4.25,21.3,5.93,10.8,10.21622,-12.04848,-1.69,1.44,0.53,36.29,42.54,41.85,37.43,25.95,22.2,16.02,34.69,21.18,31.91,76.46,21.30177604,14.02694,39.0876,14.08,3.07,20.96,14.09,48.39,21.29,42.39,13.79,19.19,16.09,62.09,8.39,11.59
2010-12-31,17.09,14.91,14.28,25.46,21.63,27.72,24.82,14.57,28.3,14.43,5.59874491,21.18,11.12,8.36,3.18,24.97,18.86,23.54053139,33.89359937,14.68598899,35.90833021,15.32686311,36.99175739,27.93,7.83,10.83817503,3.11,10.65,6.42,6.17,2.13427,8.93016,7.35,2.64,0.01,16.96,28.93,30.69,27.37,24.86,10.94,10.65,14.82,15.77,4.91,37.45,10.64741921,5.20892,12.39886,1.5,0.95,6.16,20.31,22.11,26.41,27.71,14.11,2.61,12.11,10.01,18.91,5.41
2011-12-31,0.96,1.97,1.0,-2.11,-0.44,-2.8,-4.16,6.05,8.47,13.65,10.71644383,2.75,-14.56,-12.51,-12.24,-19.09,-19.18,-30.13278869,-22.39395743,-16.93440496,-16.79474254,-11.57187753,-15.68357772,8.66,-3.25,7.648811328,3.76,7.94,7.56,13.24,9.62244,29.27743,9.8,2.26,0.02,1.71,-3.84,-1.58,-3.73,-7.86,3.85,9.63,-4.0,-14.0,-11.6,-21.7,7.944939092999999,1.92581,7.1322199999999984,10.69,1.6,11.45,4.57,-9.93,-0.73,5.97,13.87,12.57,-17.23,2.27,6.17,19.87
2012-12-31,16.25,15.82,15.0,15.8,15.91,18.04,18.56,11.5,17.53,11.09,19.02025377,3.47,18.14,18.56,17.52,18.89,18.64,26.63150502,12.27792015,43.12345921,24.44556009,24.035466,21.00686974,8.37,-0.61,16.52157572,6.28,11.36,4.05,6.78,5.69568,3.46526,2.67,0.69,0.02,16.89,15.81,17.52,18.31,19.83,12.57,10.06,20.78,15.49,20.8,-12.98,11.35846085,4.524780000000002,14.35546,8.08,0.99,15.11,4.42,14.82,15.12,23.72,10.62,17.72,28.62,14.62,18.12,1.12
2013-12-31,33.35,32.18,32.85,35.0,37.42,37.62,36.41,28.85,2.31,27.98,42.67707225,25.77,15.04,22.06,22.61,17.44,-5.19,1.962849412,23.69773546,2.33154571,23.54561378,1.817252342,-7.464803027999999,-27.94,-2.04,-7.793015416,1.01,-1.8,-2.26,-8.92,-1.55512,-13.02541,-3.09,-0.1,0.01,32.16,32.02,37.98,38.19,50.91,19.66,9.19,36.08,17.36,24.7,-35.13,-1.80252046,0.97374,4.53734,-2.95,0.48,43.19,26.16,25.83,40.44,42.72,26.27,41.24,35.37,25.97,24.32,13.0
2014-12-31,12.43,13.51,13.05,13.6,13.84,7.37,10.39,9.98,30.13,15.85,24.22354135,-9.91,-4.24,-5.66,-5.65,-4.81,0.42,-1.880387922,3.305825617,2.2407875390000003,-8.424722147999999,-4.641856347,2.803904274,-0.43,-33.6,6.044685137999999,8.83,7.47,5.76,3.83,7.2462,25.27673,4.32,0.71,0.01,13.47,13.35,3.88,7.42,4.61,9.82,8.07,11.82,-4.69,-6.67,-11.41,7.465276853,1.76332,4.58331,11.07,0.65,28.52,-8.6,7.31,10.45,9.49,15.86,25.18,15.03,17.75,3.98,28.59
2015-12-31,0.29,1.25,-1.03,-1.46,-1.91,-3.78,-4.78,-2.05,2.22,6.01,7.119947885,-23.21,-4.37,-0.18,-5.89,-0.32,-15.51,-12.41216943,-17.21570458,-1.829426233,-4.543516848,-9.94214308,-25.99969589,-11.71,-33.47,1.034697704,1.04,0.88,0.3,-1.83,2.85771,-1.5371,1.5,0.45,0.02,3.17,-1.13,-2.64,-3.39,-8.28,0.06,1.28,-3.32,2.25,-2.0,-29.42,0.8772275829999999,1.02971,-1.39426,3.97,0.45,12.65,-21.46,-8.58,-4.25,9.94,6.83,6.86,-1.6,5.63,2.72,-4.86
2016-12-31,12.53,11.82,16.75,11.07,15.11,18.17,24.65,11.73,8.34,6.3,-3.32,28.93,4.65,2.45,4.87,4.17,11.5,7.94,2.02,2.01,2.37,11.1,16.75,8.88,9.92,9.26,4.67,5.3,2.5,4.52,0.08,1.2,1.19,0.99,0.25,5.99,6.62,10.61,15.99,21.47,11.01,8.08,12.49,5.19,-0.8,50.64,5.301143781,2.72,11.19,0.63,0.36,-8.99,,,,,,,,,,
