Date,price,dividend,earnings,CPI,date  ,interest,real price,real dividend,real earnings,cape10
1972.01,103.3,3.07,5.736669999999999,41.1,1972.0416670000002,5.95,635.0279532000001,18.87256356,35.265690299999996,17.2629968
1972.02,105.2,3.07,5.7733300000000005,41.3,1972.125,6.08,643.5762833,18.781171,35.31918502,17.46414761
1972.03,107.7,3.07,5.81,41.4,1972.2083329999998,6.07,657.2789221,18.73580586,35.45766516,17.80564385
1972.04,108.8,3.07,5.86333,41.5,1972.2916670000002,6.19,662.3920964,18.69065934,35.69690671,17.91516168
1972.05,107.7,3.07,5.91667,41.6,1972.375,6.13,654.1189272999999,18.64572987,35.93505881,17.6626462
1972.06,108.0,3.07,5.97,41.7,1972.4583329999998,6.11,654.3679856000001,18.60101589,36.17200809,17.64085732
1972.07,107.2,3.07333,6.026669999999999,41.9,1972.5416670000002,6.11,646.4204772999999,18.53230826,36.34107181,17.39869003
1972.08,111.0,3.07667,6.08333,42.0,1972.625,6.21,667.7409821,18.508276100000003,36.59539413,17.94340469
1972.09,109.4,3.08,6.14,42.1,1972.7083329999998,6.55,656.5526662999999,18.484298100000004,36.84856829,17.61385455
1972.1,109.6,3.10333,6.2333300000000005,42.3,1972.7916670000002,6.48,654.6430024,18.53625245,37.23180535,17.53318385
1972.11,115.1,3.1266700000000003,6.32667,42.4,1972.875,6.28,685.8731633,18.63161636,37.70020127,18.33889471
1972.12,117.5,3.15,6.42,42.5,1972.9583329999998,6.36,698.5271324,18.72647206,38.16633353,18.64571944
1973.01,118.4,3.15667,6.54667,42.6,1973.0416670000002,6.46,702.2252582,18.72207268,38.82801547,18.71253047
1973.02,114.2,3.1633299999999998,6.67333,42.9,1973.125,6.64,672.5787703999999,18.63037305,39.30245259,17.8898896
1973.03,112.4,3.17,6.8,43.3,1973.2083329999998,6.71,655.8624365000001,18.49718793,39.67851039,17.41214206
1973.04,110.3,3.18667,6.9433300000000004,43.6,1973.2916670000002,6.67,639.1802781,18.46651511,40.23607979,16.93574007
1973.05,107.2,3.20333,7.08667,43.9,1973.375,6.85,616.9707973,18.43620396,40.78608619,16.31433876
1973.06,104.8,3.22,7.23,44.2,1973.4583329999998,6.9,599.0641855,18.40636143,41.32856929,15.80832305
1973.07,105.8,3.23667,7.38333,44.3,1973.5416670000002,7.13,603.415254,18.45988705,42.10977266,15.88951857
1973.08,103.8,3.25333,7.53667,45.1,1973.625,7.4,581.5072782999999,18.22577142,42.22185413,15.27850109
1973.09,105.6,3.27,7.69,45.2,1973.7083329999998,7.09,590.2823893999999,18.27863081,42.98552627,15.475308600000002
1973.1,109.8,3.3066699999999996,7.84667,45.6,1973.7916670000002,6.79,608.3756743,18.32147169,43.47653144,15.91351631
1973.11,102.0,3.3433300000000004,8.00333,45.9,1973.875,6.73,561.4638888999999,18.40352023,44.05471359,14.65184516
1973.12,94.78,3.38,8.16,46.2,1973.9583329999998,6.74,518.3332538,18.4845579,44.62544156,13.49332969
1974.01,96.11,3.4,8.22667,46.6,1974.0416670000002,6.99,521.0951172,18.4343294,44.60386607,13.53072189
1974.02,93.45,3.42,8.293330000000001,47.2,1974.125,6.96,500.2322074,18.307053500000002,44.39369473,12.95732128
1974.03,97.44,3.44,8.36,47.8,1974.2083329999998,7.21,515.0432762,18.1829728,44.18885251,13.31036424
1974.04,92.46,3.46,8.48667,48.0,1974.2916670000002,7.51,486.68391720000005,18.2124849,44.67148821,12.55041105
1974.05,89.67,3.48,8.61333,48.6,1974.375,7.58,466.17099,18.0916142,44.77846072,11.99543695
1974.06,89.79,3.5,8.74,49.0,1974.4583329999998,7.54,462.98426860000006,18.04705357,45.06607092,11.88849882
1974.07,79.31,3.53,8.86333,49.4,1974.5416670000002,7.81,405.6349284,18.05436007,45.33194086,10.39414181
1974.08,76.03,3.56,8.98667,50.0,1974.625,8.04,384.19289530000003,17.989303,45.41121618,9.824195722999999
1974.09,68.12,3.59,9.11,50.6,1974.7083329999998,8.04,340.1405939,17.92578878,45.48856151,8.680421306
1974.1,69.44,3.5933300000000004,9.036669999999999,51.1,1974.7916670000002,7.9,343.3390137,17.76685452,44.68089523,8.744983834
1974.11,71.74,3.5966699999999996,8.963330000000001,51.5,1974.875,7.68,351.9560917,17.64524556,43.97405347,8.948984513
1974.12,67.07,3.6,8.89,51.9,1974.9583329999998,7.43,326.5091014,17.52546243,43.27815583,8.289060056
1975.01,72.56,3.62333,8.74333,52.1,1975.0416670000002,7.5,351.8794415,17.57132493,42.40074527,8.920995507999999
1975.02,80.1,3.64667,8.59667,52.5,1975.125,7.39,385.48506430000003,17.54977303,41.37188374,9.762246716
1975.03,83.78,3.67,8.45,52.7,1975.2083329999998,7.73,401.66508680000004,17.59502111,40.51169711,10.16379677
1975.04,84.72,3.68333,8.286669999999999,52.9,1975.2916670000002,8.23,404.63609260000004,17.59216548,39.57844393,10.23307614
1975.05,90.1,3.6966699999999997,8.123330000000001,53.2,1975.375,8.06,427.9051386,17.55631619,38.57951887,10.81813912
1975.06,92.4,3.71,7.96,53.6,1975.4583329999998,7.86,435.55351680000007,17.48813363,37.52170989,11.01135461
1975.07,92.49,3.71,7.893330000000001,54.2,1975.5416670000002,8.06,431.1514352,17.29453805,36.7955515,10.90276705
1975.08,85.71,3.71,7.82667,54.3,1975.625,8.4,398.80997169999995,17.26268808,36.41761803,10.08976959
1975.09,84.67,3.71,7.76,54.6,1975.7083329999998,8.43,391.8061605,17.16783814,35.90900916,9.918905357
1975.1,88.57,3.7,7.82667,54.9,1975.7916670000002,8.14,407.613579,17.02800319,36.01961127,10.32759978
1975.11,90.07,3.69,7.893330000000001,55.3,1975.875,8.05,411.5185102,16.85914625,36.06363275,10.43585946
1975.12,88.7,3.68,7.96,55.5,1975.9583329999998,8.0,403.79875899999996,16.75286847,36.23718288,10.25036842
1976.01,96.86,3.68333,8.19333,55.6,1976.0416670000002,7.74,440.15335480000005,16.73786967,37.23231144,11.18505136
1976.02,100.6,3.68667,8.42667,55.8,1976.125,7.79,455.5102195,16.69300061,38.15541055,11.58609299
1976.03,101.1,3.69,8.66,55.9,1976.2083329999998,7.73,456.9552706,16.6781894,39.14176699,11.6317544
1976.04,101.9,3.7133300000000005,8.85667,56.1,1976.2916670000002,7.56,458.9291734,16.72380243,39.88797097,11.68916413
1976.05,101.2,3.7366699999999997,9.05333,56.5,1976.375,7.9,452.5498319,16.70977648,40.48500958,11.53205359
1976.06,101.8,3.76,9.25,56.8,1976.4583329999998,7.86,452.82853430000006,16.72529754,41.14601122,11.54384163
1976.07,104.2,3.79,9.35,57.1,1976.5416670000002,7.83,461.0690324,16.77016922,41.37231721,11.75749049
1976.08,103.3,3.82,9.45,57.4,1976.625,7.77,454.69771560000004,16.81457186,41.59625762,11.597986
1976.09,105.5,3.85,9.55,57.6,1976.7083329999998,7.59,462.7690647,16.88778103,41.89046984,11.80599095
1976.1,101.9,3.91667,9.67,57.9,1976.7916670000002,7.41,444.66194519999993,17.09120805,42.19706585,11.34569614
1976.11,101.2,3.9833300000000005,9.79,58.0,1976.875,7.29,440.84595690000003,17.35212377,42.64705453,11.24885586
1976.12,104.7,4.05,9.91,58.2,1976.9583329999998,6.87,454.52527710000004,17.58192332,43.02144695,11.59758973
1977.01,103.8,4.09667,9.96667,58.5,1977.0416670000002,7.21,448.3073205,17.69332515,43.04557921,11.43796135
1977.02,101.0,4.143330000000001,10.0233,59.1,1977.125,7.39,431.78568099999995,17.71317392,42.85066749,11.01484185
1977.03,100.6,4.19,10.08,59.5,1977.2083329999998,7.46,427.1843739,17.79227164,42.80336471,10.89574651
1977.04,99.05,4.24667,10.1933,60.0,1977.2916670000002,7.37,417.0974865,17.8826389,42.92377394,10.63603741
1977.05,98.76,4.30333,10.3067,60.3,1977.375,7.46,413.8072662,18.03107759,43.18537212,10.54848669
1977.06,99.29,4.36,10.42,60.7,1977.4583329999998,7.28,413.2864463,18.14814086,43.37239168,10.53002396
1977.07,100.2,4.40667,10.5167,61.0,1977.5416670000002,7.33,415.02306150000004,18.25219236,43.55961108,10.56769245
1977.08,97.75,4.45333,10.6133,61.2,1977.625,7.4,403.5521701,18.38517633,43.81606391,10.26838567
1977.09,96.23,4.5,10.71,61.4,1977.7083329999998,7.34,395.98292369999996,18.517335100000004,44.07125753,10.06774282
1977.1,93.74,4.5566699999999996,10.77,61.6,1977.7916670000002,7.52,384.4842731,18.68965173,44.17426522,9.7666663
1977.11,94.28,4.61333,10.83,61.9,1977.875,7.58,384.82499110000003,18.83034234,44.20507694,9.766299984
1977.12,93.82,4.67,10.89,62.1,1977.9583329999998,7.69,381.71407289999996,19.00026349,44.30682428,9.678266583
1978.01,90.25,4.71333,10.9,62.5,1978.0416670000002,7.96,364.83923500000003,19.05382506,44.063686,9.241462261
1978.02,88.98,4.75667,10.91,62.9,1978.125,8.03,357.4177357,19.10674557,43.8236401,9.045263571
1978.03,88.82,4.8,10.92,63.4,1978.2083329999998,8.04,353.96135919999995,19.12873817,43.51787934,8.950420077999999
1978.04,92.71,4.83667,11.0233,63.9,1978.2916670000002,8.15,366.5726559,19.12405315,43.58580906,9.262588721
1978.05,97.41,4.87333,11.1267,64.5,1978.375,8.35,381.5734703,19.08975916,43.58539711,9.634910729
1978.06,97.66,4.91,11.23,65.2,1978.4583329999998,8.46,378.4456062,19.02690893,43.51775709,9.549678981
1978.07,97.19,4.94667,11.3433,65.7,1978.5416670000002,8.64,373.75805039999995,19.02312723,43.62228309,9.425524048
1978.08,103.9,4.9833300000000005,11.4567,66.0,1978.625,8.41,397.74612310000003,19.07699892,43.85811365,10.02397085
1978.09,103.9,5.02,11.57,66.5,1978.7083329999998,8.42,394.7555508,19.07288609,43.95882312,9.941887473
1978.1,100.6,5.03667,11.8233,67.1,1978.7916670000002,8.64,378.79985469999997,18.96510799,44.51952606,9.533608358
1978.11,94.71,5.05333,12.0767,67.4,1978.875,8.81,355.03427610000006,18.94314601,45.27127487,8.928418902
1978.12,96.11,5.07,12.33,67.7,1978.9583329999998,9.01,358.6858562,18.92141599,46.015988,9.011941819
1979.01,99.71,5.11333,12.6533,68.3,1979.0416670000002,9.1,368.85218100000003,18.91548413,46.80771539,9.257636919
1979.02,98.23,5.15667,12.9767,69.1,1979.125,9.1,359.17031860000003,18.85496087,47.44828945,9.003740371000001
1979.03,100.1,5.2,13.3,69.8,1979.2083329999998,9.12,362.3372618,18.822714899999998,48.14271311,9.07078503
1979.04,102.1,5.24667,13.5267,70.6,1979.2916670000002,9.18,365.38892880000003,18.77644595,48.40848603,9.133063566
1979.05,99.73,5.29333,13.7533,71.5,1979.375,9.25,352.4147851,18.70498099,48.59988233,8.79438329
1979.06,101.7,5.34,13.98,72.3,1979.4583329999998,8.91,355.3996525,18.6611027,48.85434751,8.853937765
1979.07,102.7,5.396669999999999,14.1967,73.1,1979.5416670000002,8.95,354.96653389999994,18.65274824,49.06867956,8.827498046
1979.08,107.4,5.45333,14.4133,73.8,1979.625,9.03,367.69037599999996,18.66980408,49.34480164,9.127165797
1979.09,108.6,5.51,14.63,74.6,1979.7083329999998,9.33,367.8115315,18.6615243,49.54956451,9.112758991
1979.1,104.5,5.5566699999999996,14.7067,75.2,1979.7916670000002,10.3,351.10158739999997,18.66943213,49.41192073,8.681843307000001
1979.11,103.7,5.603330000000001,14.7833,75.9,1979.875,10.65,345.2004265,18.65257383,49.21120025,8.518784303
1979.12,107.8,5.65,14.86,76.7,1979.9583329999998,10.39,355.105779,18.61175929,48.95057399,8.745204405
1980.01,110.9,5.7,15.0033,77.8,1980.0416670000002,10.8,360.15238270000003,18.51098811,48.72384349,8.850934181
1980.02,115.3,5.75,15.1467,78.9,1980.125,12.41,369.2212151,18.41302677,48.50375524,9.054476092
1980.03,104.7,5.8,15.29,80.1,1980.2083329999998,12.75,330.2543212,18.29489076,48.229117200000005,8.081150901
1980.04,103.0,5.84667,15.1733,81.0,1980.2916670000002,11.47,321.2821142,18.23718931,47.32922236,7.844024505
1980.05,107.7,5.893330000000001,15.0567,81.8,1980.375,10.18,332.6570584,18.20295099,46.50619806,8.104225807
1980.06,114.6,5.94,14.94,82.7,1980.4583329999998,9.78,350.1172037,18.14743622,45.64355169,8.512077962000001
1980.07,119.8,5.9833300000000005,14.84,82.7,1980.5416670000002,10.25,366.0038482,18.27981474,45.3380393,8.880865527000001
1980.08,123.5,6.026669999999999,14.74,83.3,1980.625,11.1,374.5901035,18.27960275,44.70816297,9.071005982
1980.09,126.5,6.07,14.64,84.0,1980.7083329999998,11.51,380.49204610000004,18.25760253,44.03481071,9.196040132
1980.1,130.2,6.1,14.7,84.8,1980.7916670000002,11.75,387.9265242,18.17474499,43.79815596,9.357841047
1980.11,135.7,6.13,14.76,85.5,1980.875,12.68,401.00341960000003,18.114598100000002,43.61687895,9.654043663
1980.12,133.5,6.16,14.82,86.3,1980.9583329999998,12.84,390.8452274,18.03450637,43.38821176,9.389902085
1981.01,133.0,6.2,14.74,87.0,1981.0416670000002,12.57,386.24843389999995,18.00556609,42.80678132,9.259404531
1981.02,128.4,6.24,14.66,87.9,1981.125,13.19,369.0714846,17.9361843,42.13853555,8.829899354
1981.03,133.2,6.28,14.58,88.5,1981.2083329999998,13.12,380.2728305,17.928779100000003,41.62445847,9.081096883999999
1981.04,134.4,6.316669999999999,14.7233,89.1,1981.2916670000002,13.68,381.11488219999995,17.91203082,41.75051149,9.085561231
1981.05,131.7,6.353330000000001,14.8667,89.8,1981.375,14.1,370.5474095,17.87555029,41.82852827,8.818483467
1981.06,132.3,6.39,15.01,90.6,1981.4583329999998,13.47,368.9487045,17.81997144,41.85880615,8.765340744
1981.07,129.1,6.433330000000001,15.0967,91.6,1981.5416670000002,14.28,356.0943736,17.74494668,41.64097545,8.445319468
1981.08,129.6,6.4766699999999995,15.1833,92.3,1981.625,14.94,354.7624485,17.729007,41.56222751,8.399806317000001
1981.09,118.3,6.52,15.27,93.2,1981.7083329999998,15.32,320.70311289999995,17.67526878,41.39591322,7.581163052000001
1981.1,119.8,6.5566699999999996,15.3,93.4,1981.7916670000002,15.15,324.0740712,17.736617199999998,41.38842479,7.649141713
1981.11,122.9,6.59333,15.33,93.7,1981.875,13.39,331.3955216,17.77868214,41.33680510000001,7.810752566000001
1981.12,123.8,6.63,15.36,94.0,1981.9583329999998,13.72,332.7569495,17.82050545,41.28551489,7.832562137
1982.01,117.3,6.66,15.1767,94.3,1982.0416670000002,14.59,314.28283539999995,17.84419168,40.66305462,7.388659972999999
1982.02,114.5,6.69,14.9933,94.6,1982.125,14.43,305.80789510000005,17.86772767,40.04427523,7.1818234510000005
1982.03,110.8,6.72,14.81,94.5,1982.2083329999998,13.86,296.2390423,17.96684444,39.59657235,6.950673794
1982.04,116.3,6.75,14.5967,94.9,1982.2916670000002,13.87,309.6334312,17.97098591,38.86179111,7.259072625
1982.05,116.4,6.78,14.3833,95.8,1982.375,13.62,306.9882933,17.88127688,37.93388934,7.192612484
1982.06,109.7,6.81,14.17,97.0,1982.4583329999998,14.3,285.7388131,17.73820709,36.90901534,6.692133987999999
1982.07,109.4,6.82333,13.9667,97.5,1982.5416670000002,13.95,283.4960744,17.68178491,36.19291245,6.6386531
1982.08,109.7,6.83667,13.7633,97.7,1982.625,13.06,283.6915545,17.68008696,35.59281652,6.643422752
1982.09,122.4,6.85,13.56,97.9,1982.7083329999998,12.34,315.88795710000005,17.67837015,34.99543054,7.3988382
1982.1,132.7,6.856669999999999,13.2533,98.2,1982.7916670000002,10.91,341.4237895,17.64152415,34.09941152,7.999840995
1982.11,138.1,6.86333,12.9467,98.0,1982.875,10.55,356.0425855,17.69469774,33.37854121,8.347476938
1982.12,139.4,6.87,12.64,97.6,1982.9583329999998,10.54,360.8671081,17.78448373,32.7213791,8.467738401
1983.01,144.3,6.88333,12.5667,97.8,1983.0416670000002,10.46,372.7879103,17.78255167,32.46509932,8.756783224
1983.02,146.8,6.896669999999999,12.4933,97.9,1983.125,10.72,378.8590858,17.79881534,32.24250829,8.910493437000001
1983.03,151.9,6.91,12.42,97.9,1983.2083329999998,10.51,392.021084,17.83321719,32.05333682,9.232829705
1983.04,157.7,6.92,12.4767,98.6,1983.2916670000002,10.4,404.1002523,17.73223682,31.97106923,9.531581284
1983.05,164.1,6.93,12.5333,99.2,1983.375,10.38,417.956662,17.65045502,31.92185395,9.874456505
1983.06,166.4,6.94,12.59,99.5,1983.4583329999998,10.85,422.53684419999996,17.6226304,31.96958455,10.000117900000001
1983.07,167.0,6.96,12.8267,99.9,1983.5416670000002,11.38,422.362475,17.60265165,32.44022011,10.014476
1983.08,162.4,6.98,13.0633,100.2,1983.625,11.85,409.49881239999996,17.60037999,32.93969111,9.728056936
1983.09,167.2,7.0,13.3,100.7,1983.7083329999998,11.65,419.5088678999999,17.56317031,33.37002358,9.984202458
1983.1,167.7,7.03,13.5433,101.0,1983.7916670000002,11.54,419.51358789999995,17.58604963,33.87953712,10.003391800000001
1983.11,165.2,7.06,13.7867,101.2,1983.875,11.69,412.4429397,17.62619343,34.42026076,9.853581649
1983.12,164.4,7.09,14.03,101.3,1983.9583329999998,11.83,410.040459,17.68361834,34.99311217,9.815010904
1984.01,166.4,7.12,14.44,101.9,1984.0416670000002,11.67,412.58504419999997,17.65387929,35.80365407,9.894931809
1984.02,157.3,7.15,14.85,102.4,1984.125,11.84,388.1173962,17.64169983,36.64045349,9.324529646
1984.03,157.4,7.18,15.26,102.6,1984.2083329999998,12.32,387.60708819999996,17.68118738,37.57867958,9.326747067000001
1984.04,157.6,7.223330000000001,15.5733,103.1,1984.2916670000002,12.63,386.21744910000007,17.70162491,38.16421447,9.305643405
1984.05,156.6,7.2666699999999995,15.8867,103.4,1984.375,13.41,382.6533873,17.75616788,38.81928205,9.231831817
1984.06,153.1,7.31,16.2,103.7,1984.4583329999998,13.56,373.0188488,17.8103709,39.47031581,9.010185512
1984.07,151.1,7.33333,16.32,104.1,1984.5416670000002,13.36,366.73138450000005,17.79855899,39.60990202,8.868302214
1984.08,164.4,7.356669999999999,16.44,104.5,1984.625,12.72,397.4841962,17.78686169,39.74841962,9.623063257
1984.09,166.1,7.38,16.56,105.0,1984.7083329999998,12.52,399.6820798,17.75830071,39.84789429,9.687341314
1984.1,164.8,7.43,16.5867,105.3,1984.7916670000002,12.16,395.42414060000004,17.82767818,39.79843199,9.595070703
1984.11,166.3,7.48,16.6133,105.3,1984.875,11.57,399.02326800000003,17.9476491,39.86225652,9.691973222
1984.12,164.5,7.53,16.64,105.3,1984.9583329999998,11.5,394.70431510000003,18.06762001,39.92632099,9.595054801
1985.01,171.6,7.57333,16.5567,105.5,1985.0416670000002,11.38,410.9596351,18.1371383,39.65113864,9.997001178
1985.02,180.9,7.61667,16.4733,106.0,1985.125,11.51,431.1883762,18.15488982,39.26531497,10.49493517
1985.03,179.4,7.66,16.39,106.4,1985.2083329999998,11.86,426.0054488,18.18953031,38.91989579,10.37321721
1985.04,180.6,7.6866699999999994,16.13,106.9,1985.2916670000002,11.43,426.84911370000003,18.16748769,38.12334553,10.39711872
1985.05,184.9,7.71333,15.87,107.3,1985.375,10.85,435.38306500000004,18.1625379,37.36900617,10.60812047
1985.06,188.9,7.74,15.61,107.6,1985.4583329999998,10.16,443.5616903,18.17452347,36.65430379,10.81004985
1985.07,192.5,7.7733300000000005,15.4833,107.8,1985.5416670000002,10.31,451.1763393,18.21892246,36.28934345,10.99756396
1985.08,188.3,7.8066699999999996,15.3567,108.0,1985.625,10.33,440.51520949999997,18.26318041,35.92596876,10.73879981
1985.09,184.1,7.84,15.23,108.3,1985.7083329999998,10.37,429.4965455,18.29034718,35.53086577,10.47123466
1985.1,186.2,7.86,15.0233,108.7,1985.7916670000002,10.24,432.79723319999994,18.26952875,34.91967064,10.55251698
1985.11,197.5,7.88,14.8167,109.0,1985.875,9.78,457.79911119999997,18.26560505,34.34466882,11.16461113
1985.12,207.3,7.9,14.61,109.3,1985.9583329999998,9.26,479.1963301,18.26170288,33.77259229,11.69052147
1986.01,208.2,7.94,14.58,109.6,1986.0416670000002,9.19,479.95941380000005,18.30392769,33.61099065,11.71500758
1986.02,219.4,7.98,14.55,109.3,1986.125,8.7,507.1667864,18.44663152,33.63389581,12.388219099999999
1986.03,232.3,8.02,14.52,108.8,1986.2083329999998,7.78,539.454298,18.62429389,33.71879642,13.18902298
1986.04,238.0,8.046669999999999,14.5833,108.6,1986.2916670000002,7.3,553.7088627999999,18.72064074,33.92816159,13.55250417
1986.05,238.5,8.07333,14.6467,108.9,1986.375,7.71,553.3435433999999,18.73092255,33.98178984,13.5600462
1986.06,245.3,8.1,14.71,109.5,1986.4583329999998,7.8,566.0017477000001,18.68982534,33.94164578,13.88868863
1986.07,240.2,8.14333,14.7567,109.5,1986.5416670000002,7.3,554.2340799,18.78980437,34.04940070000001,13.61999553
1986.08,245.0,8.18667,14.8033,109.7,1986.625,7.17,564.2788856000001,18.85536745,34.09465154,13.88766755
1986.09,238.3,8.23,14.85,110.2,1986.7083329999998,7.45,546.3573514,18.86916073,34.04702756,13.46731431
1986.1,237.4,8.24667,14.7267,110.3,1986.7916670000002,7.43,543.8004284,18.89023875,33.7337227,13.42591886
1986.11,245.1,8.26333,14.6033,110.4,1986.875,7.25,560.9298878999999,18.91125569,33.42075656,13.8729856
1986.12,248.6,8.28,14.48,110.5,1986.9583329999998,7.11,568.4250249,18.93225747,33.10858552,14.08513981
1987.01,264.5,8.3,14.6867,111.2,1987.0416670000002,7.08,600.9733757,18.85852181,33.36981352,14.9222081
1987.02,280.9,8.32,14.8933,111.6,1987.125,7.25,635.9484129,18.83620789,33.7179441,15.82231814
1987.03,292.5,8.34,15.1,112.1,1987.2083329999998,7.25,659.2567741,18.79727007,34.03342663,16.43334398
1987.04,289.3,8.4,14.8733,112.7,1987.2916670000002,8.02,648.5729936,18.83170807,33.3440052,16.19653445
1987.05,289.1,8.46,14.6467,113.1,1987.375,8.61,645.8324016,18.89914257,32.71986661,16.16031195
1987.06,301.4,8.52,14.42,113.5,1987.4583329999998,8.4,670.9369802,18.96610176,32.09990463,16.82520731
1987.07,310.1,8.56667,14.9,113.8,1987.5416670000002,8.45,688.4839927999999,19.01971998,33.08097869,17.30600439
1987.08,329.4,8.61333,15.38,114.4,1987.625,8.76,727.498184,19.02301741,33.967583700000006,18.32690725
1987.09,318.7,8.66,15.86,115.0,1987.7083329999998,9.42,700.1942924,19.02630239,34.84493717,17.67562045
1987.1,280.2,8.71,16.4067,115.3,1987.7916670000002,9.52,614.0067801,19.08636351,35.95226638,15.53005556
1987.11,245.0,8.76,16.9533,115.4,1987.875,8.86,536.4072249,19.17929506,37.11784737,13.59088514
1987.12,241.0,8.81,17.5,115.4,1987.9583329999998,8.99,527.6495559,19.28876592,38.31480178,13.38902851
1988.01,250.5,8.85667,17.8633,115.7,1988.0416670000002,8.67,547.0269392999999,19.340667,39.00880768,13.89833668
1988.02,258.1,8.90333,18.2267,116.0,1988.125,8.21,562.1657187999999,19.39227783,39.69944171,14.29827096
1988.03,265.7,8.95,18.59,116.5,1988.2083329999998,8.37,576.2354496,19.41026448,40.31696277,14.66894681
1988.04,262.6,9.043330000000001,19.6167,117.1,1988.2916670000002,8.72,566.5942592,19.5121815,42.32562682,14.43331642
1988.05,256.1,9.13667,20.6433,117.5,1988.375,9.09,550.6885606000001,19.64646486,44.38902446,14.03189135
1988.06,270.7,9.23,21.67,118.0,1988.4583329999998,8.92,579.6163018999999,19.76305307,46.39928061,14.76646865
1988.07,269.1,9.30667,22.0233,118.5,1988.5416670000002,9.06,573.7592373,19.84313594,46.9567886,14.60831572
1988.08,263.7,9.38333,22.3767,119.0,1988.625,9.26,559.8832973,19.92252461,47.50982396,14.24494631
1988.09,268.0,9.46,22.73,119.8,1988.7083329999998,8.98,565.2132303999999,19.95118343,47.93767435,14.36942878
1988.1,277.4,9.55,23.0733,120.2,1988.7916670000002,8.8,583.0909921,20.07396891,48.49975987,14.81145015
1988.11,271.0,9.64,23.4167,120.3,1988.875,8.96,569.1647652,20.24630382,49.18066626,14.44553068
1988.12,276.5,9.75,23.75,120.5,1988.9583329999998,9.11,579.7522355000001,20.44334284,49.79788641,14.70208675
1989.01,285.4,9.81333,24.16,121.1,1989.0416670000002,9.09,595.4484496,20.47418407,50.40656813,15.08807244
1989.02,294.0,9.89667,24.56,121.6,1989.125,9.17,610.8690173,20.56316013,51.03041859,15.46706046
1989.03,292.7,10.01,24.96,122.3,1989.2083329999998,9.36,604.6869675,20.67959188,51.56469665,15.29896911
1989.04,302.3,10.0867,25.0467,123.1,1989.2916670000002,9.18,620.4609271,20.70262399,51.40753788,15.68674266
1989.05,313.9,10.1933,25.1333,123.8,1989.375,8.86,640.626669,20.80312146,51.29360389,16.18635354
1989.06,323.7,10.37,25.22,124.1,1989.4583329999998,8.28,659.0301158,21.11258048,51.34612147,16.64190424
1989.07,331.9,10.4233,24.71,124.4,1989.5416670000002,8.02,674.0951698,21.1699192,50.18647679,17.01340765
1989.08,346.6,10.5467,24.2,124.6,1989.625,8.11,702.8212099,21.38616403,49.07176364,17.73425144
1989.09,347.3,10.73,23.69,125.0,1989.7083329999998,8.19,701.987071,21.688227100000002,47.88388629999999,17.71422068
1989.1,347.4,10.7967,23.4267,125.6,1989.7916670000002,8.01,698.834791,21.71879559,47.12548359,17.64085385
1989.11,340.2,10.9233,23.1633,125.9,1989.875,7.87,682.7204666,21.92110662,46.48459431,17.24236927
1989.12,348.6,11.06,22.87,126.1,1989.9583329999998,7.84,698.4682018,22.16023612,45.82320073,17.6502129
1990.01,339.97,11.14,22.49,127.4,1990.0416670000002,8.21,674.2260223,22.09276668,44.60200383,17.04884361
1990.02,330.45,11.23,22.08,128.0,1990.125,8.47,652.2740932999999,22.16685752,43.58363438,16.50809352
1990.03,338.46,11.32,21.67,128.7,1990.2083329999998,8.59,664.4512861000001,22.2229763,42.54168697,16.83374823
1990.04,338.18,11.4367,21.5333,128.9,1990.2916670000002,8.79,662.8714978999999,22.4172407,42.20773205,16.8139139
1990.05,350.25,11.5533,21.3967,129.2,1990.375,8.76,684.9359688999999,22.59320694,41.84259656,17.39241359
1990.06,360.39,11.66,21.26,129.9,1990.4583329999998,8.48,700.9675667,22.67899172,41.35123191,17.81708282
1990.07,360.03,11.7267,21.42,130.4,1990.5416670000002,8.47,697.5822835,22.72126813,41.50268731,17.74717159
1990.08,330.75,11.7833,21.58,131.6,1990.625,8.75,635.0066988,22.62274961,41.43142724,16.16833476
1990.09,315.41,11.83,21.74,132.7,1990.7083329999998,8.89,600.5357673999999,22.52413725,41.39262415,15.30128544
1990.1,307.12,11.9267,21.6067,133.5,1990.7916670000002,8.72,581.2476052000001,22.57217314,40.89229823,14.81814797
1990.11,315.29,12.0133,21.4733,133.8,1990.875,8.39,595.3720276,22.68509239,40.54870804,15.1876076
1990.12,328.75,12.09,21.34,133.8,1990.9583329999998,8.08,620.7889691,22.82992741,40.29699346,15.84631497
1991.01,325.49,12.1067,21.1833,134.6,1991.0416670000002,8.09,610.9799148,22.72558461,39.76334397,15.60619012
1991.02,362.26,12.1133,21.0267,134.8,1991.125,7.85,678.9922757999999,22.70423766,39.41082892,17.35466475
1991.03,372.28,12.11,20.94,135.0,1991.2083329999998,8.11,696.7392552,22.66442565,39.19017944,17.81862008
1991.04,379.68,12.13,20.3633,135.2,1991.2916670000002,8.04,709.5375311,22.66827395,38.05448169,18.155345899999997
1991.05,377.99,12.14,19.8567,135.6,1991.375,8.07,704.2955820000001,22.62003853,36.99829647,18.03543091
1991.06,378.29,12.15,19.41,136.0,1991.4583329999998,8.28,702.7814597999999,22.57208686,36.05960542,18.01522704
1991.07,380.23,12.1933,18.84,136.2,1991.5416670000002,8.27,705.3482857000001,22.61926532,34.94927203,18.10345235
1991.08,389.4,12.2367,18.33,136.6,1991.625,7.9,720.2439037,22.633304000000003,33.9036229,18.51225846
1991.09,387.2,12.28,17.82,137.2,1991.7083329999998,7.65,713.0427697,22.61406305,32.81617292,18.35728259
1991.1,386.88,12.2533,17.2033,137.4,1991.7916670000002,7.53,711.4164279,22.53204848,31.63438336,18.34918799
1991.11,385.92,12.2267,16.5867,137.8,1991.875,7.42,707.5911814,22.41787183,30.41200935,18.28886817
1991.12,388.51,12.2,15.97,137.9,1991.9583329999998,7.09,711.8234297,22.35269579,29.26004523,18.44165231
1992.01,416.08,12.24,16.0467,138.1,1992.0416670000002,7.03,761.2328219,22.39350543,29.35799539,19.77306821
1992.02,412.56,12.28,16.1233,138.6,1992.125,7.34,752.0699416,22.38563817,29.39172312,19.58298297
1992.03,407.36,12.32,16.19,139.3,1992.2083329999998,7.54,738.8590696,22.34569849,29.36500476,19.28356186
1992.04,407.41,12.32,16.4833,139.5,1992.2916670000002,7.48,737.8903322000001,22.31366165,29.85412168,19.30122951
1992.05,414.81,12.32,16.7667,139.7,1992.375,7.39,750.217438,22.28171654,30.32393317,19.6622798
1992.06,408.27,12.32,17.05,140.2,1992.4583329999998,7.26,735.7559762,22.2022525,30.72633158,19.31536597
1992.07,415.05,12.3433,17.38,140.5,1992.5416670000002,6.84,746.3773252000001,22.19674554,31.25415712,19.62074069
1992.08,417.93,12.3667,17.71,140.9,1992.625,6.59,749.422792,22.17569172,31.75717858,19.7221375
1992.09,418.48,12.4,18.04,141.3,1992.7083329999998,6.42,748.2847396000001,22.17245931,32.25735209,19.70876642
1992.1,412.5,12.3867,18.39,141.8,1992.7916670000002,6.59,734.9910746,22.07057926,32.76723845,19.37027108
1992.11,422.84,12.3833,18.74,142.0,1992.875,6.87,752.3537032,22.03344436,33.34383785,19.83365604
1992.12,435.64,12.39,19.09,141.9,1992.9583329999998,6.77,775.6748263,22.06090143,33.99052528,20.44860672
1993.01,435.23,12.4133,19.34,142.6,1993.0416670000002,6.6,771.1407276000001,21.99389103,34.26662149,20.3234108
1993.02,441.7,12.4467,19.59,143.1,1993.125,6.26,779.8698103999999,21.97601442,34.58829429,20.54533679
1993.03,450.16,12.48,19.84,143.6,1993.2083329999998,5.98,792.0394352000001,21.95808635,34.90772702,20.85520015
1993.04,443.08,12.4933,19.67,144.0,1993.2916670000002,5.97,777.4169372,21.92042751,34.51248342,20.45736202
1993.05,445.25,12.5067,19.5,144.2,1993.375,6.04,780.1408352000001,21.91350339,34.16675191,20.51760563
1993.06,448.06,12.52,19.33,144.4,1993.4583329999998,5.96,783.977005,21.90642348,33.8219781,20.60835701
1993.07,447.29,12.52,19.69,144.4,1993.5416670000002,5.81,782.629725,21.90642348,34.45187526,20.56459641
1993.08,454.13,12.52,20.05,144.8,1993.625,5.68,792.4027496,21.84590849,34.98486145,20.81222755
1993.09,459.24,12.52,20.41,145.1,1993.7083329999998,5.36,799.6623318,21.80074121,35.53938723,20.99350101
1993.1,463.9,12.54,20.9,145.7,1993.7916670000002,5.33,804.4501999,21.74564671,36.24274451,21.10917825
1993.11,462.89,12.56,21.39,145.8,1993.875,5.72,802.1482083999999,21.76539026,37.06701415,21.03790119
1993.12,465.95,12.58,21.89,145.8,1993.9583329999998,5.77,807.4509228999999,21.80004853,37.93347076,21.16473208
1994.01,472.99,12.6233,22.1567,146.2,1994.0416670000002,5.75,817.4080859000001,21.81523392,38.2905891,21.41197491
1994.02,471.58,12.6667,22.4333,146.7,1994.125,5.97,812.1936832,21.81562773,38.63646582,21.26384019
1994.03,463.81,12.71,22.71,147.2,1994.2083329999998,6.48,796.0981986,21.81584723,38.98016449,20.83337589
1994.04,447.23,12.7533,23.54,147.4,1994.2916670000002,6.97,766.598187,21.860467,40.34997948,20.05525009
1994.05,450.9,12.7967,24.37,147.5,1994.375,7.18,772.3649517000001,21.91998797,41.74436432,20.19649242
1994.06,454.83,12.84,25.2,148.0,1994.4583329999998,7.1,776.4647247,21.91985372,43.02027365,20.29076369
1994.07,451.4,12.87,25.91,148.4,1994.5416670000002,7.3,768.5320738,21.91184712,44.11312812,20.06795182
1994.08,464.24,12.9,26.62,149.0,1994.625,7.24,787.2100544,21.87448238,45.13943574,20.535549399999997
1994.09,466.96,12.92,27.33,149.4,1994.7083329999998,7.46,789.702342,21.84973929,46.21930146,20.576450100000002
1994.1,463.81,13.0133,28.42,149.5,1994.7916670000002,7.74,783.850534,21.99280342,48.03051288,20.39575928
1994.11,461.01,13.0967,29.51,149.7,1994.875,7.96,778.0775574,22.1041807,49.8060101,20.20947302
1994.12,455.19,13.17,30.6,149.7,1994.9583329999998,7.81,768.2547523,22.22789404,51.64567635,19.91148411
1995.01,465.25,13.18,31.25,150.3,1995.0416670000002,7.78,782.0990249,22.15597023,52.53217523,20.21911942
1995.02,481.92,13.18,31.9,150.9,1995.125,7.47,806.9006282,22.06787492,53.41162442,20.80257176
1995.03,493.15,13.17,32.55,151.4,1995.2083329999998,7.2,822.9766352,21.97830738,54.31996243,21.152737300000002
1995.04,507.91,13.2433,33.1767,151.9,1995.2916670000002,7.06,844.8183391000001,22.02788429,55.18356518,21.64273926
1995.05,523.81,13.3067,33.8033,152.2,1995.375,6.63,869.5478307,22.08971215,56.11497716,22.1954267
1995.06,539.35,13.36,34.43,152.5,1995.4583329999998,6.17,893.5835857000001,22.13456328,57.04289025,22.71835676
1995.07,557.37,13.44,34.68,152.5,1995.5416670000002,6.28,923.4387376,22.26710557,57.45708492,23.37641269
1995.08,559.11,13.51,34.93,152.9,1995.625,6.49,923.898193,22.32452395,57.71988318,23.28407026
1995.09,578.77,13.58,35.18,153.2,1995.7083329999998,6.2,954.512433,22.39625212,58.01915682,23.94600708
1995.1,582.92,13.65,34.7733,153.7,1995.7916670000002,6.04,958.2292684,22.43846413,57.16186409,23.92676276
1995.11,595.53,13.72,34.3667,153.6,1995.875,5.93,979.5954777999999,22.56821647,56.53025692,24.34758688
1995.12,614.57,13.79,33.96,153.5,1995.9583329999998,5.71,1011.5732119999999,22.69813787,55.89766221,25.02738066
1996.01,614.42,13.8933,33.9867,154.4,1996.0416670000002,5.65,1005.4312769999999,22.73486924,55.61552551,24.76246519
1996.02,649.54,13.9967,34.0133,154.9,1996.125,5.81,1059.470397,22.83014026,55.47939226,25.97606555
1996.03,647.07,14.1,34.04,155.7,1996.2083329999998,6.27,1050.018609,22.88046484,55.23766121,25.6299304
1996.04,647.17,14.1567,34.33,156.3,1996.2916670000002,6.51,1046.149477,22.88428744,55.49440107,25.42420385
1996.05,661.23,14.2133,34.62,156.6,1996.375,6.74,1066.8297910000001,22.93176636,55.85597653,25.81404383
1996.06,668.5,14.27,34.91,156.7,1996.4583329999998,6.91,1077.8709279999998,23.00855369,56.28791935,25.96667356
1996.07,644.07,14.4,35.2733,157.0,1996.5416670000002,6.87,1036.496313,23.17379618,56.76501838,24.85841133
1996.08,662.68,14.53,35.6367,157.3,1996.625,6.64,1064.411319,23.33840838,57.24045821,25.41252912
1996.09,674.88,14.66,36.0,157.8,1996.7083329999998,6.83,1080.572479,23.47260631,57.64077947,25.68011551
1996.1,701.46,14.74,36.91,158.3,1996.7916670000002,6.53,1119.5831130000001,23.52615272,58.91114632,26.48346772
1996.11,735.67,14.82,37.82,158.6,1996.875,6.2,1171.963825,23.60909631,60.24939423,27.58561205
1996.12,743.25,14.9,38.73,158.6,1996.9583329999998,6.3,1184.039193,23.73654083,61.69907558,27.72394616
1997.01,766.22,14.9533,39.2333,159.1,1997.0416670000002,6.58,1216.7956470000001,23.7465876,62.30444083,28.33287013
1997.02,798.39,15.0067,39.7367,159.6,1997.125,6.42,1263.911149,23.75672972,62.90617137,29.26563488
1997.03,792.16,15.06,40.24,160.0,1997.2083329999998,6.69,1250.913471,23.78150484,63.54367563,28.80245859
1997.04,763.93,15.0933,40.3433,160.2,1997.2916670000002,6.89,1204.828957,23.80433403,63.62726435,27.58516034
1997.05,833.09,15.1267,40.4467,160.1,1997.375,6.71,1314.725035,23.87191202,63.83018528,29.92836222
1997.06,876.29,15.16,40.55,160.3,1997.4583329999998,6.49,1381.174897,23.89461416,63.91336439,31.25656062
1997.07,925.29,15.2167,40.58,160.5,1997.5416670000002,6.22,1456.5895,23.95409596,63.88094751,32.76663769
1997.08,927.24,15.2733,40.61,160.8,1997.625,6.3,1456.935941,23.99833885,63.80890446,32.58628349
1997.09,937.02,15.33,40.64,161.2,1997.7083329999998,6.21,1468.649516,24.02765904,63.69759057,32.66658134
1997.1,951.16,15.3867,40.3333,161.6,1997.7916670000002,6.03,1487.121885,24.05683409,63.06040323,32.90149818
1997.11,938.92,15.4433,40.0267,161.5,1997.875,5.88,1468.89383,24.16027786,62.619789399999995,32.33660053
1997.12,962.37,15.5,39.72,161.3,1997.9583329999998,5.81,1507.447001,24.27904913,62.21702139,33.03078904
1998.01,963.36,15.55,39.66,161.6,1998.0416670000002,5.54,1506.19637,24.31215076,62.00771055,32.85996842
1998.02,1023.74,15.6,39.6,161.9,1998.125,5.57,1597.633531,24.34512971,61.79917542,34.70967778
1998.03,1076.83,15.64,39.54,162.2,1998.2083329999998,5.65,1677.3768300000002,24.36240968,61.59141168,36.29692774
1998.04,1112.2,15.75,39.35,162.5,1998.2916670000002,5.64,1729.2742260000002,24.48846346,61.18228808,37.27693404
1998.05,1108.42,15.85,39.16,162.8,1998.375,5.65,1720.221202,24.59853309,60.7746723,36.95659852
1998.06,1108.39,15.95,38.97,163.0,1998.4583329999998,5.5,1718.0639989999997,24.72335621,60.40559195,36.80229346
1998.07,1156.58,16.0167,38.6767,163.2,1998.5416670000002,5.46,1790.564075,24.79631986,59.87749189,38.25964509
1998.08,1074.62,16.0833,38.3833,163.4,1998.625,5.34,1661.64104,24.86895027,59.35052998,35.42340102
1998.09,1020.64,16.14,38.09,163.6,1998.7083329999998,4.81,1576.244661,24.92611384,58.82501093,33.53235698
1998.1,1032.47,16.1667,37.9633,164.0,1998.7916670000002,4.53,1590.625485,24.90645252,58.486341,33.77310288
1998.11,1144.43,16.1833,37.8367,164.0,1998.875,4.83,1763.1113,24.93202652,58.29130077,37.36939188
1998.12,1190.05,16.2,37.71,163.9,1998.9583329999998,4.65,1834.512175,24.972982000000002,58.13155255,38.82027478
1999.01,1248.77,16.28333333,37.93333333,164.3,1999.0416670000002,4.72,1920.3449010000002,25.04033259,58.33346672,40.57695768
1999.02,1246.58,16.36666667,38.15666667,164.5,1999.125,5.0,1914.646472,25.13788172,58.605566599999996,40.40015923
1999.03,1281.66,16.45,38.38,165.0,1999.2083329999998,5.23,1962.561294,25.18931174,58.76995652,41.35610363
1999.04,1334.76,16.45,39.26,166.2,1999.2916670000002,5.18,2029.114279,25.00743946,59.68340869,42.70450952
1999.05,1332.07,16.45,40.14,166.2,1999.375,5.54,2025.024916,25.00743946,61.02119269,42.55667671
1999.06,1322.55,16.45,41.02,166.2,1999.4583329999998,5.9,2010.5525260000002,25.00743946,62.35897668,42.18067591
1999.07,1380.99,16.51333333,42.0,166.7,1999.5416670000002,5.79,2093.096624,25.02842327,63.65727355,43.82803599
1999.08,1327.49,16.57666667,42.98,167.1,1999.625,5.94,2007.193082,25.06427217,64.9866731,41.93071216
1999.09,1318.17,16.64,43.96,167.9,1999.7083329999998,5.92,1983.604434,25.04015247,66.15174896,41.32345133
1999.1,1300.01,16.65666667,45.36333333,168.2,1999.7916670000002,6.11,1952.7877620000002,25.02052663,68.14175443,40.5528544
1999.11,1391.0,16.67333333,46.76666667,168.3,1999.875,6.03,2088.225319,25.03068068,70.20800678,43.20829071
1999.12,1428.68,16.69,48.17,168.3,1999.9583329999998,6.28,2144.792056,25.05570135,72.3147474,44.19793976
2000.01,1425.59,16.71333333,49.09666667,168.8,2000.0416670000002,6.66,2133.813906,25.01640941,73.48757363,43.77257815
2000.02,1388.87,16.73666667,50.02333333,169.8,2000.125,6.52,2066.608705,24.90380023,74.4336447,42.18563589
2000.03,1442.21,16.76,50.95,171.2,2000.2083329999998,6.26,2128.428597,24.73458324,75.19254271,43.22074844
2000.04,1461.36,16.74,51.27333333,171.3,2000.2916670000002,5.99,2155.431354,24.69064492,75.62554763,43.52857429
2000.05,1418.48,16.72,51.59666667,171.5,2000.375,6.44,2089.745678,24.63238659,76.01369857,41.9660505
2000.06,1461.96,16.7,51.92,172.4,2000.4583329999998,6.1,2142.5579239999997,24.47448448,76.0907326,42.78197157
2000.07,1473.0,16.58333333,52.51333333,172.8,2000.5416670000002,6.05,2153.740386,24.24724694,76.78213633,42.75809362
2000.08,1485.46,16.46666667,53.10666667,172.8,2000.625,5.83,2171.95872,24.07666329,77.64967602,42.86956549
2000.09,1468.05,16.35,53.7,173.7,2000.7083329999998,5.8,2135.3809899999997,23.78221395,78.11039076,41.89800792
2000.1,1390.14,16.32333333,52.46666667,174.0,2000.7916670000002,5.74,2018.5691649999999,23.70248848,76.18484148,39.36969904
2000.11,1378.04,16.29666667,51.23333333,174.1,2000.875,5.72,1999.8498789999999,23.65017478,74.35123468,38.78214246
2000.12,1330.93,16.27,50.0,174.0,2000.9583329999998,5.24,1932.592587,23.62504519,72.60308908,37.274238000000004
2001.01,1335.63,16.17,48.48,175.1,2001.0416670000002,5.16,1927.233617,23.33233574,69.95371902,36.978868
2001.02,1305.75,16.07,46.96,175.8,2001.125,5.1,1876.6163980000001,23.09571168,67.49064221,35.83466265
2001.03,1185.85,15.97,45.44,176.2,2001.2083329999998,4.89,1700.427802,22.89988784,65.15785244,32.32583724
2001.04,1189.84,15.87666667,42.55666667,176.9,2001.2916670000002,5.14,1699.3978920000002,22.67596808,60.78187792,32.17390117
2001.05,1270.37,15.78333333,39.67333333,177.7,2001.375,5.39,1806.2470239999998,22.44117766,56.40863708,34.07464322
2001.06,1238.71,15.69,36.79,178.0,2001.4583329999998,5.28,1758.263597,22.27087521,52.220873100000006,33.06853441
2001.07,1204.45,15.70666667,33.96333333,177.5,2001.5416670000002,5.24,1714.449755,22.357333899999997,48.34441322,32.16303869
2001.08,1178.5,15.72333333,31.13666667,177.5,2001.625,4.97,1677.511757,22.38105772,44.32085228,31.40431876
2001.09,1044.64,15.74,28.31,178.3,2001.7083329999998,4.73,1480.299701,22.30425533,40.11648465,27.66739259
2001.1,1076.59,15.74,27.10333333,177.7,2001.7916670000002,4.57,1530.725288,22.37956514,38.53626517,28.57737311
2001.11,1129.68,15.74,25.89666667,177.4,2001.875,4.65,1608.926362,22.41741108,36.88286037,30.00510381
2001.12,1144.93,15.74,24.69,176.7,2001.9583329999998,5.09,1637.105731,22.50621802,35.30359104,30.49995326
2002.01,1140.21,15.73666667,24.69333333,177.1,2002.0416670000002,5.04,1626.674384,22.45062975,35.22860945,30.27720443
2002.02,1100.67,15.73333333,24.69666667,177.8,2002.125,4.91,1564.082713,22.35750469,35.0946509,29.08570415
2002.03,1153.79,15.73,24.7,178.8,2002.2083329999998,5.28,1630.39787,22.22775245,34.90308235,30.29213064
2002.04,1111.93,15.83333333,25.38,179.8,2002.2916670000002,5.21,1562.507474,22.24933375,35.66451098,29.00588325
2002.05,1079.25,15.93666667,26.06,179.8,2002.375,5.16,1516.584849,22.39453993,36.62006132,28.12810751
2002.06,1014.02,16.04,26.74,179.9,2002.4583329999998,4.93,1424.1302150000001,22.52721707,37.55472471,26.38767254
2002.07,903.59,15.96,27.84,180.1,2002.5416670000002,4.65,1267.62865,22.38997029,39.05618878,23.46312047
2002.08,912.55,15.88,28.94,180.7,2002.625,4.26,1275.947661,22.203768399999998,40.46455022,23.58871353
2002.09,867.81,15.8,30.04,181.0,2002.7083329999998,3.87,1211.380054,22.0552942,41.93297707,22.365036800000002
2002.1,854.63,15.89,29.22333333,181.3,2002.7916670000002,3.94,1191.007984,22.14422249,40.72548743,21.95623386
2002.11,909.93,15.98,28.40666667,181.3,2002.875,4.05,1268.0737800000002,22.26964603,39.58738495,23.3483965
2002.12,899.18,16.07,27.59,180.9,2002.9583329999998,4.03,1255.863432,22.44458879,38.53430023,23.10144254
2003.01,895.84,16.12,28.5,181.7,2003.0416670000002,4.05,1245.6896789999998,22.41529472,39.63001857,22.89834858
2003.02,837.03,16.17,29.41,183.1,2003.125,3.9,1155.0134,22.31289999,40.58270801,21.21410212
2003.03,846.63,16.22,30.32,184.2,2003.2083329999998,3.81,1161.283808,22.24823521,41.58856298,21.30971903
2003.04,890.03,16.20333333,31.73,183.8,2003.2916670000002,3.96,1223.470442,22.2737429,43.61731304,22.42793958
2003.05,935.96,16.18666667,33.14,183.5,2003.375,3.57,1288.711083,22.28720963,45.63003256,23.59108045
2003.06,988.0,16.17,34.55,183.7,2003.4583329999998,3.33,1358.883206,22.24002171,47.51965059,24.83222326
2003.07,992.54,16.31,35.89333333,183.9,2003.5416670000002,3.98,1363.642826,22.40817951,49.31356571,24.867329100000003
2003.08,989.53,16.45,37.23666667,184.6,2003.625,4.45,1354.352182,22.51482361,50.96516606,24.64225141
2003.09,1019.44,16.59,38.58,185.2,2003.7083329999998,4.27,1390.7690929999999,22.63287615,52.63269209,25.24368675
2003.1,1038.73,16.85666667,41.96666667,185.0,2003.7916670000002,4.29,1418.617424,23.02153691,57.31484077,25.68275607
2003.11,1049.9,17.12333333,45.35333333,184.5,2003.875,4.3,1437.758383,23.44910567,62.10794855,25.94679822
2003.12,1080.64,17.39,48.74,184.3,2003.9583329999998,4.27,1481.460399,23.84012839,66.81816319,26.63517051
2004.01,1132.52,17.6,49.82666667,185.2,2004.0416670000002,4.15,1545.03827,24.01076674,67.97593584,27.65854036
2004.02,1143.36,17.81,50.91333333,186.2,2004.125,4.08,1551.449562,24.16676873,69.08538753,27.65086204
2004.03,1123.98,18.02,52.0,187.4,2004.2083329999998,3.83,1515.386242,24.29514768,70.10808431,26.88653038
2004.04,1133.36,18.21333333,53.38333333,188.0,2004.2916670000002,4.35,1523.1559619999998,24.47743635,71.74343761,26.90057751
2004.05,1102.78,18.40666667,54.76666667,189.1,2004.375,4.72,1473.437421,24.59336537,73.17439208,25.90281429
2004.06,1132.76,18.6,56.15,189.7,2004.4583329999998,4.73,1508.7070410000001,24.77307723,74.78539174,26.40128537
2004.07,1105.85,18.78666667,56.69,189.4,2004.5416670000002,4.5,1475.198937,25.06132902,75.62420558,25.69588865
2004.08,1088.94,18.97333333,57.23,189.5,2004.625,4.28,1451.874508,25.29698514,76.30427579,25.17446223
2004.09,1117.66,19.16,57.77,189.9,2004.7083329999998,4.13,1487.027796,25.49205714,76.86201152,25.66840678
2004.1,1117.21,19.25333333,58.03,190.9,2004.7916670000002,4.1,1478.642651,25.48204889,76.80349535,25.41165567
2004.11,1168.94,19.34666667,58.29,191.0,2004.875,4.19,1546.298006,25.59217077,77.10721747,26.46531081
2004.12,1199.21,19.44,58.55,190.3,2004.9583329999998,4.23,1592.1749849999999,25.81022648,77.73604736,27.14480869
2005.01,1181.41,19.70333333,59.10666667,190.7,2005.0416670000002,4.22,1565.252091,26.104979399999998,78.31052185,26.5872507
2005.02,1199.63,19.96666667,59.66333333,191.8,2005.125,4.17,1580.2764140000002,26.302153499999996,78.59469875,26.74486313
2005.03,1194.9,20.23,60.22,193.3,2005.2083329999998,4.5,1561.831042,26.44224787,78.71241555,26.33914213
2005.04,1164.43,20.46333333,61.23333333,194.6,2005.2916670000002,4.34,1511.836733,26.56855201,79.50224799,25.40892257
2005.05,1178.28,20.69666667,62.24666667,194.4,2005.375,4.14,1531.392757,26.89914573,80.90105448,25.65023019
2005.06,1202.25,20.93,63.26,194.5,2005.4583329999998,4.0,1561.742839,27.18841973,82.17579704,26.06839487
2005.07,1222.24,21.11,64.33,195.4,2005.5416670000002,4.18,1580.397291,27.29593763,83.18084640000001,26.28787109
2005.08,1224.27,21.29,65.4,196.4,2005.625,4.26,1574.9619539999999,27.38851725,84.13382001,26.10438141
2005.09,1225.92,21.47,66.47,198.8,2005.7083329999998,4.2,1558.045346,27.28663663,84.47800358,25.73012299
2005.1,1191.96,21.72,67.59,199.2,2005.7916670000002,4.46,1511.84299,27.54893599,85.72894032,24.87653872
2005.11,1237.37,21.97,68.71,197.6,2005.875,4.54,1582.1475580000001,28.09166365,87.85517567,25.93178331
2005.12,1262.07,22.22,69.83,196.8,2005.9583329999998,4.47,1620.28978,28.52681618,89.65020586,26.44380311
2006.01,1278.73,22.40666667,70.77666667,198.3,2006.0416670000002,4.42,1629.26033,28.54886733,90.17823565,26.46870263
2006.02,1276.65,22.59333333,71.72333333,198.7,2006.125,4.57,1623.335648,28.72875369,91.20044159999999,26.24962476
2006.03,1293.74,22.78,72.67,199.8,2006.2083329999998,4.72,1636.009666,28.80663826,91.89545226,26.32783778
2006.04,1302.17,23.0,73.27666667,201.5,2006.2916670000002,4.99,1632.777392,28.8394603,91.88084866,26.14728094
2006.05,1290.01,23.22,73.88333333,202.5,2006.375,5.11,1609.542292,28.97153667,92.18405257,25.65064071
2006.06,1253.17,23.44,74.49,202.9,2006.4583329999998,5.11,1560.494656,29.18837408,92.75776386,24.74958224
2006.07,1260.24,23.66,75.85,203.5,2006.5416670000002,5.09,1564.671563,29.37545958,94.17280682,24.69678677
2006.08,1287.15,23.88,77.21,203.9,2006.625,4.88,1594.9470820000001,29.59044115,95.67328145,25.05139356
2006.09,1317.74,24.1,78.57,202.9,2006.7083329999998,4.72,1640.899661,30.01023103,97.83833409,25.64415644
2006.1,1363.38,24.36,79.55,201.8,2006.7916670000002,4.73,1706.9865539999998,30.49934167,99.59863014,26.53804028
2006.11,1388.64,24.62,80.53,201.5,2006.875,4.6,1741.201224,30.87076141,100.9757277,26.92802027
2006.12,1416.42,24.88,81.51,201.8,2006.9583329999998,4.56,1773.3939870000002,31.15039495,102.0526002,27.28268979
2007.01,1424.16,25.08333333,82.05666667,202.416,2007.0416670000002,4.76,1777.658315,31.30940067,102.4243875,27.20753666
2007.02,1444.8,25.28666667,82.60333333,203.49900000000002,2007.125,4.72,1793.8238620000002,31.39522844,102.55802209999999,27.31518141
2007.03,1406.95,25.49,83.15,205.352,2007.2083329999998,4.56,1731.067768,31.36210769,102.3051885,26.22760555
2007.04,1463.64,25.71666667,83.74,206.68599999999998,2007.2916670000002,4.69,1789.194492,31.43677295,102.3661193,26.97626831
2007.05,1511.14,25.94333333,84.33,207.949,2007.375,4.75,1836.0402960000001,31.5212392,102.46124,27.54849045
2007.06,1514.19,26.17,84.92,208.352,2007.4583329999998,5.1,1836.1875699999998,31.73513807,102.9785222,27.41826274
2007.07,1520.71,26.44,82.81333333,208.299,2007.5416670000002,5.0,1844.5632850000002,32.07071253,100.44941779999999,27.41008817
2007.08,1454.62,26.71,80.70666667,207.917,2007.625,4.67,1767.6403129999999,32.45773656,98.07396949999999,26.14860719
2007.09,1497.12,26.98,78.6,208.49,2007.7083329999998,4.52,1814.2859019999999,32.69573157,95.25146409999999,26.72574305
2007.1,1539.66,27.23,74.46,208.93599999999998,2007.7916670000002,4.53,1861.855166,32.92825441,90.04178564,27.32064813
2007.11,1463.39,27.48,70.32,210.17700000000002,2007.875,4.15,1759.175781,33.0343589,84.53333762,25.72905358
2007.12,1479.22,27.73,66.18,210.03599999999997,2007.9583329999998,4.1,1779.399132,33.35726798,79.60995294,25.95551011
2008.01,1378.76,27.92,64.25,211.08,2008.0416670000002,3.74,1650.3495269999999,33.41970959,76.90602941,24.02231776
2008.02,1354.87,28.11,62.32,211.69299999999998,2008.125,3.74,1617.057534,33.54970388,74.37984865,23.4952634
2008.03,1316.94,28.3,60.39,213.528,2008.2083329999998,3.51,1558.2800109999998,33.48620614,71.45696074,22.60681084
2008.04,1370.47,28.43666667,57.38333333,214.82299999999998,2008.2916670000002,3.68,1611.844342,33.44508109,67.48998604,23.35604064
2008.05,1403.22,28.57333333,54.37666667,216.632,2008.375,3.88,1636.580981,33.32519057,63.41971929,23.69643212
2008.06,1341.25,28.71,51.37,218.815,2008.4583329999998,4.1,1548.6988939999999,33.15052767,59.31531196,22.4168128
2008.07,1257.33,28.75666667,49.56333333,219.96400000000003,2008.5416670000002,4.01,1444.215536,33.03096622,56.93026971,20.90720646
2008.08,1281.47,28.80333333,47.75666667,219.08599999999998,2008.625,3.89,1477.842529,33.21715763,55.07490074,21.40161736
2008.09,1216.95,28.85,45.95,218.783,2008.7083329999998,3.69,1405.379147,33.3170536,53.06476994,20.36273395
2008.1,968.8,28.69666667,35.59333333,216.57299999999998,2008.7916670000002,3.81,1130.223052,33.47815254,41.52395316,16.38735655
2008.11,883.04,28.54333333,25.23666667,212.425,2008.875,3.53,1050.289667,33.9495018,30.01654539,15.25965941
2008.12,877.56,28.39,14.88,210.22799999999998,2008.9583329999998,2.42,1054.679741,34.12001214,17.88326103,15.37608075
2009.01,865.58,28.01333333,12.20666667,211.143,2009.0416670000002,2.52,1035.773674,33.52142284,14.60678849,15.17465194
2009.02,805.23,27.63666667,9.533333333,212.19299999999998,2009.125,2.87,958.7894287999999,32.90704997,11.35136448,14.1221818
2009.03,757.13,27.26,6.86,212.709,2009.2083329999998,2.82,899.3296917000001,32.37981244,8.148404745,13.32366766
2009.04,848.15,26.70333333,7.0766666670000005,213.24,2009.2916670000002,2.93,1004.935841,31.6396118,8.384832837000001,14.98186645
2009.05,902.41,26.14666667,7.293333333,213.856,2009.375,3.29,1066.146297,30.89080557,8.616660198,15.99635576
2009.06,926.12,25.59,7.51,215.69299999999998,2009.4583329999998,3.72,1084.839664,29.97564785,8.797073676,16.38418282
2009.07,935.82,25.02666667,9.186666667,215.351,2009.5416670000002,3.56,1097.9429460000001,29.36232623,10.77817942,16.69462082
2009.08,1009.73,24.46333333,10.86333333,215.834,2009.625,3.59,1182.0061699999999,28.63717126,12.71679263,18.0940698
2009.09,1044.55,23.9,12.54,215.96900000000002,2009.7083329999998,3.4,1222.002682,27.96023561,14.67034956,18.83190226
2009.1,1067.66,23.40333333,25.35,216.17700000000002,2009.7916670000002,3.39,1247.836916,27.352849499999998,29.6280331,19.35800844
2009.11,1088.07,22.90666667,38.16,216.33,2009.875,3.4,1270.791874,26.75343118,44.56828873,19.81276108
2009.12,1110.38,22.41,50.97,215.949,2009.9583329999998,3.59,1299.136476,26.21953604,59.63452708,20.3223765
2010.01,1123.58,22.24,54.29,216.687,2010.0416670000002,3.73,1310.103136,25.932015300000003,63.30256793,20.527859799999998
2010.02,1089.16,22.07,57.61,216.74099999999999,2010.125,3.69,1269.652738,25.72738251,67.15697809,19.92053931
2010.03,1152.05,21.9,60.93,217.63099999999997,2010.2083329999998,3.73,1337.472662,25.42480908,70.73669485,21.00460121
2010.04,1197.32,21.94666667,62.98666667,218.00900000000001,2010.2916670000002,3.85,1387.618743,25.43480942,72.99759398,21.8048456
2010.05,1125.06,21.99333333,65.04333333,218.178,2010.375,3.42,1302.863961,25.46914954,75.32275159,20.48006864
2010.06,1083.36,22.04,67.1,217.965,2010.4583329999998,3.2,1255.799708,25.54813319,77.78038733,19.74203985
2010.07,1079.8,22.14333333,68.68666667,218.011,2010.5416670000002,3.01,1251.408958,25.66249832,79.60280601,19.66866047
2010.08,1087.28,22.24666667,70.27333333,218.312,2010.625,2.7,1258.340383,25.74670651,81.32934771,19.77029917
2010.09,1122.08,22.35,71.86,218.43900000000002,2010.7083329999998,2.65,1297.86041,25.85125853,83.1172903,20.38139523
2010.1,1171.58,22.47666667,73.69,218.71099999999998,2010.7916670000002,2.54,1353.4295869999999,25.96543614,85.12796927,21.24012765
2010.11,1198.89,22.60333333,75.52,218.803,2010.875,2.76,1384.396232,26.10078448,87.20533448,21.70072383
2010.12,1241.53,22.73,77.35,219.179,2010.9583329999998,3.29,1431.174601,26.20202386,89.16526817,22.39637977
2011.01,1282.62,22.96333333,78.67,220.22299999999998,2011.0416670000002,3.39,1471.531883,26.34550931,90.25698434,22.97829943
2011.02,1321.12,23.19666667,79.99,221.30900000000003,2011.125,3.58,1508.264588,26.48261392,91.32106427,23.489828699999997
2011.03,1304.49,23.43,81.31,223.467,2011.2083329999998,3.41,1474.897022,26.49068772,91.93161837,22.89933643
2011.04,1331.51,23.73333333,82.16333333,224.90599999999998,2011.2916670000002,3.46,1495.814483,26.66195803,92.30205106,23.14392945
2011.05,1338.31,24.03666667,83.01666667,225.96400000000003,2011.375,3.17,1496.4141710000001,26.87629071,92.82402165,23.05949151
2011.06,1287.29,24.34,83.87,225.722,2011.4583329999998,3.0,1440.909979,27.244637100000006,93.87870638,22.10083129
2011.07,1325.19,24.62,84.90666667,225.922,2011.5416670000002,3.0,1482.019675,27.53365509,94.95495023,22.610981699999996
2011.08,1185.31,24.9,85.94333333,226.545,2011.625,2.3,1321.940202,27.77021287,95.84998641,20.04985272
2011.09,1173.88,25.18,86.98,226.889,2011.7083329999998,1.98,1307.207725,28.03991082,96.85907239,19.69811457
2011.1,1207.22,25.59666667,86.97,226.421,2011.7916670000002,2.15,1347.113104,28.56281795,97.04811606,20.15582479
2011.11,1226.42,26.01333333,86.96,226.23,2011.875,2.01,1369.693428,29.05227549,97.118883,20.345246799999998
2011.12,1243.32,26.43,86.95,225.672,2011.9583329999998,1.98,1392.001121,29.590603899999998,97.34782477,20.5235755
2012.01,1300.58,26.73666667,87.48,226.665,2012.0416670000002,1.97,1449.729412,29.80280493,97.51213222,21.21300809
2012.02,1352.49,27.04333333,88.01,227.66299999999998,2012.125,1.97,1500.983615,30.01249564,97.67286115,21.79743596
2012.03,1389.24,27.35,88.54,229.392,2012.2083329999998,2.17,1530.1477029999999,30.124053200000002,97.52042671,22.05394397
2012.04,1386.43,27.67333333,88.33333333,230.085,2012.2916670000002,2.05,1522.453314,30.38837738,96.99975915,21.77924691
2012.05,1341.27,27.99666667,88.12666667,229.815,2012.375,1.8,1474.593049,30.77955227,96.88651064,20.94146742
2012.06,1323.48,28.32,87.92,229.47799999999998,2012.4583329999998,1.62,1457.171504,31.18074848,96.80125023,20.54750409
2012.07,1359.78,28.74333333,87.44666667,229.104,2012.5416670000002,1.53,1499.582352,31.69850666,96.43727517,20.99934129
2012.08,1403.45,29.16666667,86.97333333,230.37900000000002,2012.625,1.68,1539.176412,31.98734929,95.38444773,21.41042845
2012.09,1443.42,29.59,86.5,231.407,2012.7083329999998,1.72,1575.979521,32.30746007,94.44390997,21.783690300000004
2012.1,1437.82,30.14333333,86.50333333,231.317,2012.7916670000002,1.75,1570.47603,32.92441507,94.48429675,21.57710965
2012.11,1394.51,30.69666667,86.50666667,230.22099999999998,2012.875,1.65,1530.4214359999999,33.68841865,94.93776096,20.89816206
2012.12,1422.29,31.25,86.51,229.601,2012.9583329999998,1.72,1565.1239039999998,34.38829072,95.19779296,21.23826114
2013.01,1480.4,31.53666667,86.90666667,230.28,2013.0416670000002,1.91,1624.266169,34.60141905,95.35230922,21.90047541
2013.02,1512.31,31.82333333,87.30333333,232.166,2013.125,1.98,1645.798068,34.63230456,95.00939445,22.05272434
2013.03,1550.83,32.11,87.7,232.773,2013.2083329999998,1.96,1683.3170910000001,34.85315076,95.19219315,22.41920711
2013.04,1570.7,32.49666667,88.78333333,232.53099999999998,2013.2916670000002,1.76,1706.658891,35.3095595,96.46836775,22.5956554
2013.05,1639.84,32.88333333,89.86666667,232.945,2013.375,1.93,1778.616946,35.66619544,97.47193399999999,23.41184178
2013.06,1618.77,33.27,90.95,233.50400000000002,2013.4583329999998,2.3,1751.560593,35.9991975,98.41079088,22.92533317
2013.07,1668.68,33.64666667,92.09,233.59599999999998,2013.5416670000002,2.58,1804.8536920000001,36.39242428,99.60506296,23.49246018
2013.08,1670.09,34.02333333,93.23,233.877,2013.625,2.74,1804.208416,36.75561458,100.7169378,23.35664909
2013.09,1687.17,34.4,94.37,234.149,2013.7083329999998,2.81,1820.542745,37.11935989,101.8300579,23.44228717
2013.1,1720.03,34.59666667,96.31333333,233.546,2013.7916670000002,2.62,1860.792434,37.42796089,104.1953466,23.83473789
2013.11,1783.54,34.79333333,98.25666667,233.06900000000002,2013.875,2.72,1933.4488370000001,37.71775787,106.5152662,24.64207709
2013.12,1807.78,34.99,100.2,233.049,2013.9583329999998,2.9,1959.8944219999998,37.93420981,108.63126100000001,24.8618693
2014.01,1822.36,35.40333333,100.41666670000001,233.916,2014.0416670000002,2.86,1968.378391,38.240060299999996,108.462651,24.85960909
2014.02,1817.04,35.81666667,100.6333333,234.78099999999998,2014.125,2.71,1955.401225,38.54398026,108.2962088,24.59093088
2014.03,1863.52,36.23,100.85,236.293,2014.2083329999998,2.72,1992.588159,38.73930465,107.83491229999998,24.95603915
2014.04,1864.26,36.61333333,101.6066667,237.072,2014.2916670000002,2.71,1986.829323,39.02054664,108.28699040000001,24.7863154
2014.05,1889.77,36.99666667,102.3633333,237.9,2014.375,2.56,2007.0068350000001,39.29185185,108.713711,24.94327411
2014.06,1947.09,37.38,103.12,238.343,2014.4583329999998,2.6,2064.0393280000003,39.62517915,109.31376340000001,25.55800762
2014.07,1973.1,37.75,104.0666667,238.25,2014.5416670000002,2.54,2092.428036,40.03302335,110.36035220000001,25.81754598
2014.08,1961.53,38.12,105.01333329999999,237.852,2014.625,2.42,2083.639061,40.49304420000001,111.55061780000001,25.61760642
2014.09,1993.23,38.49,105.96,238.03099999999998,2014.7083329999998,2.53,2115.720222,40.85533098,112.4715737,25.91843689
2014.1,1937.27,38.80666667,104.7433333,237.433,2014.7916670000002,2.3,2061.500367,41.29520282,111.46015790000001,25.16274828
2014.11,2044.57,39.12333333,103.5266667,236.15099999999998,2014.875,2.33,2187.492327,41.85818606,110.76352920000001,26.60681715
2014.12,2054.27,39.44,102.31,234.812,2014.9583329999998,2.21,2210.403601,42.43761435,110.0860123,26.79408548
2015.01,2028.18,39.89666667,101.29,233.707,2015.0416670000002,1.88,2192.649016,43.13196408,109.5038009,26.49229542
2015.02,2082.2,40.35333333,100.27,234.722,2015.125,1.98,2241.315468,43.43701382,107.9323321,26.9955137
2015.03,2079.99,40.81,99.25,236.11900000000003,2015.2083329999998,2.04,2225.6899,43.66867379,106.2023003,26.72860545
2015.04,2094.86,41.12,97.80333333,236.59900000000002,2015.2916670000002,1.94,2237.053872,43.91112304,104.4419797,26.79137168
2015.05,2111.94,41.43,96.35666667,237.805,2015.375,2.2,2243.855766,44.01779615,102.3752863,26.80611138
2015.06,2099.29,41.74,94.91,238.638,2015.4583329999998,2.36,2222.630039,44.19235924,100.4862677,26.49589529
2015.07,2094.14,41.99666667,93.49333333,238.65400000000002,2015.5416670000002,2.32,2217.0288149999997,44.46112491,98.97973105,26.38113634
2015.08,2039.87,42.25333333,92.07666667,238.31599999999997,2015.625,2.17,2162.637021,44.79629728,97.61818554,25.69365842
2015.09,1944.41,42.51,90.66,237.945,2015.7083329999998,2.17,2064.646032,45.13868105,96.26612148,24.49675217
2015.1,2024.81,42.80333333,89.28333333,237.838,2015.7916670000002,2.07,2150.9849710000003,45.47060056,94.84697734,25.49144105
2015.11,2080.62,43.09666667,87.90666667,237.33599999999998,2015.875,2.26,2214.9477890000003,45.87904881,93.58204620000001,26.22585189
2015.12,2054.08,43.39,86.53,236.525,2015.9583329999998,2.24,2194.192095,46.34970156,92.43235023,25.96542404
2016.01,1918.6,43.55333333,86.5,236.916,2016.0416670000002,2.09,2046.088393,46.44739384,92.24780882,24.2061672
2016.02,1904.42,43.71666667,86.47,237.111,2016.125,1.78,2029.2958850000002,46.58323888,92.13997711,24.00260678
2016.03,2021.95,43.88,86.44,238.132,2016.2083329999998,1.89,2145.294877,46.55680862,91.71309337,25.37229862
2016.04,2075.54,44.07333333,86.6,239.261,2016.2916670000002,1.81,2191.762728,46.54128048,91.44928655,25.92233754
2016.05,2065.55,44.26666667,86.76,240.229,2016.375,1.81,2172.42415,46.55707956,91.2490713,25.69470992
2016.06,2083.89,44.46,86.92,241.018,2016.4583329999998,1.64,2184.538261,46.60734063,91.11808475,25.84037293
2016.07,2148.9,44.65,87.64333333,240.628,2016.5416670000002,1.5,2256.339195,46.88237939,92.02526325,26.69400326
2016.08,2170.95,44.84,88.36666667,240.84900000000002,2016.625,1.56,2277.400003,47.03867714,92.69962317,26.94887243
2016.09,2157.69,45.03,89.09,241.428,2016.7083329999998,1.63,2258.061444,47.12470597,93.23428947,26.72787335
2016.1,2143.02,45.25333333,90.91,241.729,2016.7916670000002,1.76,2239.916412,47.2994578,95.02048559999999,26.52514309
2016.11,2164.99,45.47666667,92.73,241.35299999999998,2016.875,2.14,2266.405088,47.60693985,97.07377115,26.85095353
2016.12,2246.63,45.7,94.55,241.43200000000002,2016.9583329999998,2.49,2351.099802,47.82508066,98.94663844,27.86509822
2017.01,2275.12,45.92666667,96.46333333,242.83900000000003,2017.0416670000002,2.43,2367.119677,47.7838164,100.36404870000001,28.06357374
2017.02,2329.91,46.15333333,98.37666667,243.60299999999998,2017.125,2.42,2416.522572,47.86904721,102.03374190000001,28.65510653
2017.03,2366.82,46.38,100.29,243.801,2017.2083329999998,2.48,2452.811033,48.06507285,103.93372480000001,29.08692174
2017.04,2359.31,46.66,101.5333333,244.524,2017.2916670000002,2.3,2437.798807,48.21227068,104.9111134,28.90424596
2017.05,2395.35,46.94,102.7766667,244.733,2017.375,2.3,2472.924112,48.46016567,106.1051192,29.31334498
2017.06,2433.99,47.22,104.02,244.955,2017.4583329999998,2.19,2510.5381429999998,48.70505266,107.291393,29.74850324
2017.07,2454.1,47.53666667,105.04,244.78599999999997,2017.5416670000002,2.32,2533.028189,49.06552981,108.41827190000001,30.00222074
2017.08,2456.22,47.85333333,106.06,245.519,2017.625,2.21,2527.647453,49.24491947,109.14424960000001,29.914959399999997
2017.09,2492.84,48.17,107.08,246.81900000000002,2017.7083329999998,2.2,2551.8207199999997,49.30970463,109.6135182,30.16811441
2017.1,2557.0,48.42333333,108.01333329999999,246.66299999999998,2017.7916670000002,2.36,2619.154165,49.60038137,110.6388627,30.92039329
2017.11,2593.61,48.67666667,108.94666670000001,246.669,2017.875,2.35,2656.5894399999997,49.8586598,111.5921685,31.29891333
2017.12,2664.34,48.93,109.88,246.524,2017.9583329999998,2.4,2730.642104,50.147623100000004,112.6143639,32.08613201
2018.01,2789.8,49.28666667,111.73333329999998,247.86700000000002,2018.0416670000002,2.58,2843.732247,50.23947356,113.8933554,33.30734383
2018.02,2705.16,49.64333333,113.58666670000001,248.99099999999999,2018.125,2.86,2745.00823,50.37460208,115.25984960000001,32.03538234
2018.03,2702.77,50.0,115.44,249.554,2018.2083329999998,2.84,2736.395689,50.62205975,116.87621159999999,31.80840906
2018.04,2653.63,50.33,117.78666670000001,250.546,2018.2916670000002,2.87,2676.0069559999997,50.75441191,118.7799125,30.97017929
2018.05,2701.49,50.66,120.13333329999999,251.588,2018.375,2.9760000000000004,2712.98745,50.87560724,120.64461670000001,31.24361507
2018.06,2754.35,50.99,122.48,251.989,2018.4583329999998,2.91,2761.67066,51.12552398,122.80553400000001,31.6305565
2018.07,2793.64,51.44,,252.00599999999997,2018.5416670000002,2.89,2800.876131,51.57324072,,31.88636696
2018.08,2857.82,51.89,,252.146,2018.625,2.89,2863.631503,51.9955206,,32.50468488
2018.09,2901.5,52.34,,252.43900000000002,2018.7083329999998,3.0,2904.025777,52.38556235,,32.8588116
2018.1,2785.46,,,252.5855,2018.7916670000002,3.15,2786.267786,,,31.41908771
2018.11,2723.06,,,252.65875,2018.875,3.22,2723.06,,,30.56621156
